action_type,activity_comment,activity_id,activity_properties,assay_chembl_id,assay_description,assay_type,assay_variant_accession,assay_variant_mutation,bao_endpoint,bao_format,bao_label,canonical_smiles,data_validity_comment,data_validity_description,document_chembl_id,document_journal,document_year,ligand_efficiency,modality,molecule_chembl_id,molecule_pref_name,parent_molecule_chembl_id,pchembl_value,potential_duplicate,qudt_units,record_id,relation,src_id,standard_flag,standard_relation,standard_text_value,standard_type,standard_units,standard_upper_value,standard_value,target_chembl_id,target_organism,target_pref_name,target_tax_id,text_value,toid,type,units,uo_units,upper_value,value
,,16593121,[],CHEMBL3806434,Reversible inhibition of recombinant Mycobacterium tuberculosis H37Rv DprE1 using FPR as substrate assessed as residual enzymatic activity preincubated for 10 mins followed by substrate addition by fluorescence assay,B,,,BAO_0000201,BAO_0000357,single protein format,C[C@H]1COC2(CCN(c3nc(=O)c4cc(C(F)(F)F)cc(N=[N+]=[N-])c4s3)CC2)O1,,,CHEMBL3804812,ACS Med Chem Lett,2016,,,CHEMBL3805705,,CHEMBL3805705,,0,http://qudt.org/vocab/unit#Percent,2776470,,1,0,,Active,Inhibition,%,,,CHEMBL3804751,Mycobacterium tuberculosis (strain ATCC 25618 / H37Rv),Decaprenylphosphoryl-beta-D-ribose oxidase,83332,Active,,INH,,UO_0000187,,
,,16593123,[],CHEMBL3806436,Irreversible inhibition of recombinant Mycobacterium tuberculosis H37Rv DprE1 using FPR as substrate assessed as residual enzymatic activity preincubated for 10 mins followed by substrate addition by fluorescence assay,B,,,BAO_0000201,BAO_0000357,single protein format,C[C@H]1COC2(CCN(c3nc(=O)c4cc(C(F)(F)F)cc([N+](=O)[O-])c4s3)CC2)O1,,,CHEMBL3804812,ACS Med Chem Lett,2016,,,CHEMBL1822872,BTZ-043,CHEMBL1822872,,0,http://qudt.org/vocab/unit#Percent,2776476,,1,0,,Active,Inhibition,%,,,CHEMBL3804751,Mycobacterium tuberculosis (strain ATCC 25618 / H37Rv),Decaprenylphosphoryl-beta-D-ribose oxidase,83332,Active,,INH,,UO_0000187,,
,,16593124,[],CHEMBL3806437,Inhibition of recombinant Mycobacterium tuberculosis H37Rv DprE1 using FPR as substrate assessed as residual enzymatic activity preincubated for 10 mins followed by substrate addition by fluorescence assay,B,,,BAO_0000190,BAO_0000357,single protein format,C[C@H]1COC2(CCN(c3nc(=O)c4cc(C(F)(F)F)cc(N=[N+]=[N-])c4s3)CC2)O1,,,CHEMBL3804812,ACS Med Chem Lett,2016,"{'bei': '11.74', 'le': '0.24', 'lle': '0.67', 'sei': '5.00'}",,CHEMBL3805705,,CHEMBL3805705,5.02,0,http://www.openphacts.org/units/Nanomolar,2776470,=,1,1,=,,IC50,nM,,9600.0,CHEMBL3804751,Mycobacterium tuberculosis (strain ATCC 25618 / H37Rv),Decaprenylphosphoryl-beta-D-ribose oxidase,83332,,,IC50,uM,UO_0000065,,9.6
,,18779660,[],CHEMBL4269767,Inhibition of DprE1 Y314H mutant in Mycobacterium tuberculosis H37Rv assessed as bacterial growth inhibition after 4 weeks,B,P9WJF1,Y314H,BAO_0002146,BAO_0000357,single protein format,Cn1c(Cc2ccccc2C(F)(F)F)nc(C(=O)NCc2ccccc2)c(O)c1=O,,,CHEMBL4266019,J Med Chem,2018,,,CHEMBL4287515,,CHEMBL4287515,,0,http://www.openphacts.org/units/Nanomolar,3120457,>,1,1,>,,MIC,nM,,50000.0,CHEMBL3804751,Mycobacterium tuberculosis (strain ATCC 25618 / H37Rv),Decaprenylphosphoryl-beta-D-ribose oxidase,83332,,,MIC,uM,UO_0000065,,50.0
,,18779661,[],CHEMBL4269768,Inhibition of DprE1 Y314C mutant in Mycobacterium tuberculosis H37Rv assessed as bacterial growth inhibition after 4 weeks,B,P9WJF1,Y314C,BAO_0002146,BAO_0000357,single protein format,Cn1c(Cc2ccccc2C(F)(F)F)nc(C(=O)NCc2ccccc2)c(O)c1=O,,,CHEMBL4266019,J Med Chem,2018,,,CHEMBL4287515,,CHEMBL4287515,,0,http://www.openphacts.org/units/Nanomolar,3120457,=,1,1,=,,MIC,nM,,25000.0,CHEMBL3804751,Mycobacterium tuberculosis (strain ATCC 25618 / H37Rv),Decaprenylphosphoryl-beta-D-ribose oxidase,83332,,,MIC,uM,UO_0000065,,25.0
,,18779662,[],CHEMBL4269769,Inhibition of DprE1 N364S mutant in Mycobacterium tuberculosis H37Rv assessed as bacterial growth inhibition after 4 weeks,B,P9WJF1,N364S,BAO_0002146,BAO_0000357,single protein format,Cn1c(Cc2ccccc2C(F)(F)F)nc(C(=O)NCc2ccccc2)c(O)c1=O,,,CHEMBL4266019,J Med Chem,2018,,,CHEMBL4287515,,CHEMBL4287515,,0,http://www.openphacts.org/units/Nanomolar,3120457,=,1,1,=,,MIC,nM,,2340.0,CHEMBL3804751,Mycobacterium tuberculosis (strain ATCC 25618 / H37Rv),Decaprenylphosphoryl-beta-D-ribose oxidase,83332,,,MIC,uM,UO_0000065,,2.34
,,18779663,[],CHEMBL4269770,Inhibition of DprE1 P116S mutant in Mycobacterium tuberculosis H37Rv assessed as bacterial growth inhibition after 4 weeks,B,P9WJF1,P116S,BAO_0002146,BAO_0000357,single protein format,Cn1c(Cc2ccccc2C(F)(F)F)nc(C(=O)NCc2ccccc2)c(O)c1=O,,,CHEMBL4266019,J Med Chem,2018,,,CHEMBL4287515,,CHEMBL4287515,,0,http://www.openphacts.org/units/Nanomolar,3120457,=,1,1,=,,MIC,nM,,18800.0,CHEMBL3804751,Mycobacterium tuberculosis (strain ATCC 25618 / H37Rv),Decaprenylphosphoryl-beta-D-ribose oxidase,83332,,,MIC,uM,UO_0000065,,18.8
,,18779664,[],CHEMBL4269771,Inhibition of DprE1 in Mycobacterium tuberculosis H37Rv assessed as bacterial growth inhibition after 4 weeks,B,,,BAO_0002146,BAO_0000357,single protein format,Cn1c(Cc2ccccc2C(F)(F)F)nc(C(=O)NCc2ccccc2)c(O)c1=O,,,CHEMBL4266019,J Med Chem,2018,,,CHEMBL4287515,,CHEMBL4287515,,0,http://www.openphacts.org/units/Nanomolar,3120457,=,1,1,=,,MIC,nM,,3130.0,CHEMBL3804751,Mycobacterium tuberculosis (strain ATCC 25618 / H37Rv),Decaprenylphosphoryl-beta-D-ribose oxidase,83332,,,MIC,uM,UO_0000065,,3.13
,,19102740,[],CHEMBL4368839,Inhibition of DprE1 in Mycobacterium tuberculosis H37Rv assessed as reduction in bacterial growth at 0.02 to 0.03 uM measured in GAS medium,B,,,BAO_0000201,BAO_0000357,single protein format,[2H]c1c(C(F)(F)F)c([2H])c2c(=O)nc(N3CCC4(CC3)OC[C@H](C)O4)sc2c1[N+](=O)[O-],,,CHEMBL4364356,ACS Med Chem Lett,2019,,,CHEMBL4466845,,CHEMBL1822872,,0,http://qudt.org/vocab/unit#Percent,3187141,,1,0,,Active,Inhibition,%,,,CHEMBL3804751,Mycobacterium tuberculosis (strain ATCC 25618 / H37Rv),Decaprenylphosphoryl-beta-D-ribose oxidase,83332,Active,,INH,,UO_0000187,,
,,19102741,[],CHEMBL4368839,Inhibition of DprE1 in Mycobacterium tuberculosis H37Rv assessed as reduction in bacterial growth at 0.02 to 0.03 uM measured in GAS medium,B,,,BAO_0000201,BAO_0000357,single protein format,C[C@H]1COC2(CCN(c3nc(=O)c4cc(C(F)(F)F)cc([N+](=O)[O-])c4s3)CC2)O1,,,CHEMBL4364356,ACS Med Chem Lett,2019,,,CHEMBL1822872,BTZ-043,CHEMBL1822872,,0,http://qudt.org/vocab/unit#Percent,3187140,,1,0,,Active,Inhibition,%,,,CHEMBL3804751,Mycobacterium tuberculosis (strain ATCC 25618 / H37Rv),Decaprenylphosphoryl-beta-D-ribose oxidase,83332,Active,,INH,,UO_0000187,,
,,19102758,[],CHEMBL4368852,Inhibition of DprE1 in Mycobacterium tuberculosis H37Rv assessed as reduction in bacterial growth at <0.004 uM measured in MABA media,B,,,BAO_0000201,BAO_0000357,single protein format,C[C@H]1COC2(CCN(c3nc(=O)c4cc(C(F)(F)F)cc([N+](=O)[O-])c4s3)CC2)O1,,,CHEMBL4364356,ACS Med Chem Lett,2019,,,CHEMBL1822872,BTZ-043,CHEMBL1822872,,0,http://qudt.org/vocab/unit#Percent,3187140,,1,0,,Active,Inhibition,%,,,CHEMBL3804751,Mycobacterium tuberculosis (strain ATCC 25618 / H37Rv),Decaprenylphosphoryl-beta-D-ribose oxidase,83332,Active,,INH,,UO_0000187,,
,,19102759,[],CHEMBL4368852,Inhibition of DprE1 in Mycobacterium tuberculosis H37Rv assessed as reduction in bacterial growth at <0.004 uM measured in MABA media,B,,,BAO_0000201,BAO_0000357,single protein format,[2H]c1c(C(F)(F)F)c([2H])c2c(=O)nc(N3CCC4(CC3)OC[C@H](C)O4)sc2c1[N+](=O)[O-],,,CHEMBL4364356,ACS Med Chem Lett,2019,,,CHEMBL4466845,,CHEMBL1822872,,0,http://qudt.org/vocab/unit#Percent,3187141,,1,0,,Active,Inhibition,%,,,CHEMBL3804751,Mycobacterium tuberculosis (strain ATCC 25618 / H37Rv),Decaprenylphosphoryl-beta-D-ribose oxidase,83332,Active,,INH,,UO_0000187,,
,,19114375,[],CHEMBL4371323,Inhibition of Mycobacterium tuberculosis H37Rv DprE1 using FPR as substrate preincubated for 6.5 hrs followed by substrate addition by resazurin dye-based spectrofluorimetric analysis,B,,,BAO_0000190,BAO_0000357,single protein format,Cc1c(CCC(=O)N2CCCC2)c(=O)n2c([nH]c3ccccc32)c1C#N,,,CHEMBL4371005,J Med Chem,2018,"{'bei': '20.54', 'le': '0.38', 'lle': '4.63', 'sei': '8.79'}",,CHEMBL4437244,,CHEMBL4437244,7.16,0,http://www.openphacts.org/units/Nanomolar,3189561,=,1,1,=,,IC50,nM,,70.0,CHEMBL3804751,Mycobacterium tuberculosis (strain ATCC 25618 / H37Rv),Decaprenylphosphoryl-beta-D-ribose oxidase,83332,,,IC50,nM,UO_0000065,,70.0
,,19114376,[],CHEMBL4371324,Ratio of IC50 for inhibition of Mycobacterium tuberculosis H37Rv DprE1 using FPR as substrate in presence of SAM by resazurin dye-based spectrofluorimetric analysis to IC50 for inhibition of Mycobacterium tuberculosis H37Rv DprE1 using FPR as substrate in absence of SAM by resazurin dye-based spectrofluorimetric analysis,B,,,BAO_0000179,BAO_0000357,single protein format,Cc1c(CCC(=O)N2CCCC2)c(=O)n2c([nH]c3ccccc32)c1C#N,,,CHEMBL4371005,J Med Chem,2018,,,CHEMBL4437244,,CHEMBL4437244,,0,,3189561,=,1,0,=,,Ratio IC50,,,36.0,CHEMBL3804751,Mycobacterium tuberculosis (strain ATCC 25618 / H37Rv),Decaprenylphosphoryl-beta-D-ribose oxidase,83332,,,Ratio IC50,,,,36.0
,,19114380,[],CHEMBL4371326,Inhibition of GFP-fused Mycobacterium tuberculosis H37Rv DprE1 after 72 hrs by fluorescence assay,B,,,BAO_0002144,BAO_0000357,single protein format,CC(C)(C)c1ccc(Cn2cnc([N+](=O)[O-])n2)cc1,,,CHEMBL4371005,J Med Chem,2018,,,CHEMBL4540019,,CHEMBL4540019,,0,http://www.openphacts.org/units/Nanomolar,3189564,=,1,1,=,,IC90,nM,,500.0,CHEMBL3804751,Mycobacterium tuberculosis (strain ATCC 25618 / H37Rv),Decaprenylphosphoryl-beta-D-ribose oxidase,83332,,,IC90,uM,UO_0000065,,0.5
,,19114408,[],CHEMBL4371330,Inhibition of Mycobacterium tuberculosis H37Rv DprE1,B,,,BAO_0000190,BAO_0000357,single protein format,O=C(O)c1nc2ccc(C(F)(F)F)cc2nc1NCc1ccc(C(F)(F)F)cc1,,,CHEMBL4371005,J Med Chem,2018,"{'bei': '16.67', 'le': '0.33', 'lle': '1.94', 'sei': '9.21'}",,CHEMBL4576609,,CHEMBL4576609,6.92,0,http://www.openphacts.org/units/Nanomolar,3189584,=,1,1,=,,IC50,nM,,120.0,CHEMBL3804751,Mycobacterium tuberculosis (strain ATCC 25618 / H37Rv),Decaprenylphosphoryl-beta-D-ribose oxidase,83332,,,IC50,uM,UO_0000065,,0.12
,,19114409,[],CHEMBL4371330,Inhibition of Mycobacterium tuberculosis H37Rv DprE1,B,,,BAO_0000190,BAO_0000357,single protein format,COc1ccc(CNc2nc3cc(C(F)(F)F)ccc3nc2C(=O)O)cc1,,,CHEMBL4371005,J Med Chem,2018,"{'bei': '19.58', 'le': '0.37', 'lle': '3.42', 'sei': '8.76'}",,CHEMBL1976041,,CHEMBL1976041,7.39,0,http://www.openphacts.org/units/Nanomolar,3189585,=,1,1,=,,IC50,nM,,41.0,CHEMBL3804751,Mycobacterium tuberculosis (strain ATCC 25618 / H37Rv),Decaprenylphosphoryl-beta-D-ribose oxidase,83332,,,IC50,uM,UO_0000065,,0.041
,,19114410,[],CHEMBL4371330,Inhibition of Mycobacterium tuberculosis H37Rv DprE1,B,,,BAO_0000190,BAO_0000357,single protein format,O=C(O)c1nc2ccc(C(F)(F)F)cc2nc1NCc1ccc(F)cc1,,,CHEMBL4371005,J Med Chem,2018,"{'bei': '19.55', 'le': '0.38', 'lle': '3.04', 'sei': '9.51'}",,CHEMBL1973996,,CHEMBL1973996,7.14,0,http://www.openphacts.org/units/Nanomolar,3189586,=,1,1,=,,IC50,nM,,72.0,CHEMBL3804751,Mycobacterium tuberculosis (strain ATCC 25618 / H37Rv),Decaprenylphosphoryl-beta-D-ribose oxidase,83332,,,IC50,uM,UO_0000065,,0.072
,,19114411,[],CHEMBL4371330,Inhibition of Mycobacterium tuberculosis H37Rv DprE1,B,,,BAO_0000190,BAO_0000357,single protein format,CCOc1ccc(CNc2nc3cc(C(F)(F)F)ccc3nc2C(=O)O)cc1,,,CHEMBL4371005,J Med Chem,2018,"{'bei': '18.03', 'le': '0.34', 'lle': '2.70', 'sei': '8.37'}",,CHEMBL4453294,,CHEMBL4453294,7.06,0,http://www.openphacts.org/units/Nanomolar,3189587,=,1,1,=,,IC50,nM,,88.0,CHEMBL3804751,Mycobacterium tuberculosis (strain ATCC 25618 / H37Rv),Decaprenylphosphoryl-beta-D-ribose oxidase,83332,,,IC50,uM,UO_0000065,,0.088
,,19114412,[],CHEMBL4371330,Inhibition of Mycobacterium tuberculosis H37Rv DprE1,B,,,BAO_0000190,BAO_0000357,single protein format,COc1ccc(CNc2nc3cc(C(F)(F)F)ccc3nc2C(=O)O)cc1F,,,CHEMBL4371005,J Med Chem,2018,"{'bei': '17.95', 'le': '0.35', 'lle': '2.99', 'sei': '8.41'}",,CHEMBL4444439,,CHEMBL4444439,7.10,0,http://www.openphacts.org/units/Nanomolar,3189588,=,1,1,=,,IC50,nM,,80.0,CHEMBL3804751,Mycobacterium tuberculosis (strain ATCC 25618 / H37Rv),Decaprenylphosphoryl-beta-D-ribose oxidase,83332,,,IC50,uM,UO_0000065,,0.08
,,19114413,[],CHEMBL4371330,Inhibition of Mycobacterium tuberculosis H37Rv DprE1,B,,,BAO_0000190,BAO_0000357,single protein format,O=C(O)c1nc2ccc(C(F)(F)F)cc2nc1NCc1ccc(Cl)cc1,,,CHEMBL4371005,J Med Chem,2018,"{'bei': '19.13', 'le': '0.38', 'lle': '2.69', 'sei': '9.72'}",,CHEMBL4591732,,CHEMBL4591732,7.30,0,http://www.openphacts.org/units/Nanomolar,3189589,=,1,1,=,,IC50,nM,,50.0,CHEMBL3804751,Mycobacterium tuberculosis (strain ATCC 25618 / H37Rv),Decaprenylphosphoryl-beta-D-ribose oxidase,83332,,,IC50,uM,UO_0000065,,0.05
,,19114414,[],CHEMBL4371330,Inhibition of Mycobacterium tuberculosis H37Rv DprE1,B,,,BAO_0000190,BAO_0000357,single protein format,N#Cc1ccc(CNc2nc3cc(C(F)(F)F)ccc3nc2C(=O)O)cc1,,,CHEMBL4371005,J Med Chem,2018,"{'bei': '19.27', 'le': '0.36', 'lle': '3.34', 'sei': '7.25'}",,CHEMBL4569953,,CHEMBL4569953,7.17,0,http://www.openphacts.org/units/Nanomolar,3189590,=,1,1,=,,IC50,nM,,67.0,CHEMBL3804751,Mycobacterium tuberculosis (strain ATCC 25618 / H37Rv),Decaprenylphosphoryl-beta-D-ribose oxidase,83332,,,IC50,uM,UO_0000065,,0.067
,,19114415,[],CHEMBL4371330,Inhibition of Mycobacterium tuberculosis H37Rv DprE1,B,,,BAO_0000190,BAO_0000357,single protein format,CCc1nc2cc(Cl)ccn2c1C(=O)NCc1ccc(N2CCN(c3ccc(F)cc3)CC2)cc1,,,CHEMBL4371005,J Med Chem,2018,,,CHEMBL3109797,,CHEMBL3109797,,0,http://www.openphacts.org/units/Nanomolar,3189593,>,1,1,>,,IC50,nM,,10000.0,CHEMBL3804751,Mycobacterium tuberculosis (strain ATCC 25618 / H37Rv),Decaprenylphosphoryl-beta-D-ribose oxidase,83332,,,IC50,uM,UO_0000065,,10.0
,,19114416,[],CHEMBL4371331,Inhibition of Mycobacterium tuberculosis H37Rv DprE1 at 50 uM relative to control,B,,,BAO_0000201,BAO_0000357,single protein format,CCOC(=O)c1nc2ccc(C(F)(F)F)cc2nc1NCc1ccc(OC)cc1,,,CHEMBL4371005,J Med Chem,2018,,,CHEMBL1996017,,CHEMBL1996017,,0,http://qudt.org/vocab/unit#Percent,3189591,=,1,1,=,,Inhibition,%,,54.0,CHEMBL3804751,Mycobacterium tuberculosis (strain ATCC 25618 / H37Rv),Decaprenylphosphoryl-beta-D-ribose oxidase,83332,,,INH,%,UO_0000187,,54.0
,,19114435,[],CHEMBL4371336,Inhibition of Mycobacterium tuberculosis DprE1 C387G mutant using FPR as substrate by Amplex Red dye-based fluorescence assay,B,P9WJF1,C387G,BAO_0000190,BAO_0000357,single protein format,C[C@H]1COC2(CCN(c3nc(=O)c4cc(C(F)(F)F)cc(-n5cccc5)c4s3)CC2)O1,,,CHEMBL4371005,J Med Chem,2018,,,CHEMBL4587211,,CHEMBL4587211,,0,http://www.openphacts.org/units/Nanomolar,3189580,<,1,1,<,,IC50,nM,,8000.0,CHEMBL3804751,Mycobacterium tuberculosis (strain ATCC 25618 / H37Rv),Decaprenylphosphoryl-beta-D-ribose oxidase,83332,,,IC50,uM,UO_0000065,,8.0
,,19114436,[],CHEMBL4371336,Inhibition of Mycobacterium tuberculosis DprE1 C387G mutant using FPR as substrate by Amplex Red dye-based fluorescence assay,B,P9WJF1,C387G,BAO_0000190,BAO_0000357,single protein format,O=c1nc(N2CCN(CC3CCCCC3)CC2)sc2c(-n3cccc3)cc(C(F)(F)F)cc12,,,CHEMBL4371005,J Med Chem,2018,,,CHEMBL4460207,,CHEMBL4460207,,0,http://www.openphacts.org/units/Nanomolar,3189581,<,1,1,<,,IC50,nM,,8000.0,CHEMBL3804751,Mycobacterium tuberculosis (strain ATCC 25618 / H37Rv),Decaprenylphosphoryl-beta-D-ribose oxidase,83332,,,IC50,uM,UO_0000065,,8.0
,,19114437,[],CHEMBL4371336,Inhibition of Mycobacterium tuberculosis DprE1 C387G mutant using FPR as substrate by Amplex Red dye-based fluorescence assay,B,P9WJF1,C387G,BAO_0000190,BAO_0000357,single protein format,CCCCN1CCN(c2nc(=O)c3cc(C(F)(F)F)cc(-n4cccc4)c3s2)CC1,,,CHEMBL4371005,J Med Chem,2018,,,CHEMBL4537934,,CHEMBL4537934,,0,http://www.openphacts.org/units/Nanomolar,3189582,<,1,1,<,,IC50,nM,,8000.0,CHEMBL3804751,Mycobacterium tuberculosis (strain ATCC 25618 / H37Rv),Decaprenylphosphoryl-beta-D-ribose oxidase,83332,,,IC50,uM,UO_0000065,,8.0
,,19114438,[],CHEMBL4371336,Inhibition of Mycobacterium tuberculosis DprE1 C387G mutant using FPR as substrate by Amplex Red dye-based fluorescence assay,B,P9WJF1,C387G,BAO_0000190,BAO_0000357,single protein format,Cc1ccc(C)n1-c1cc(C(F)(F)F)cc2c(=O)nc(N3CCC4(CC3)OC[C@H](C)O4)sc12,,,CHEMBL4371005,J Med Chem,2018,,,CHEMBL4458178,,CHEMBL4458178,,0,http://www.openphacts.org/units/Nanomolar,3189583,<,1,1,<,,IC50,nM,,8000.0,CHEMBL3804751,Mycobacterium tuberculosis (strain ATCC 25618 / H37Rv),Decaprenylphosphoryl-beta-D-ribose oxidase,83332,,,IC50,uM,UO_0000065,,8.0
,,19114439,[],CHEMBL4371337,Inhibition of Mycobacterium tuberculosis DprE1 C387S mutant using FPR as substrate by Amplex Red dye-based fluorescence assay,B,P9WJF1,C387S,BAO_0000190,BAO_0000357,single protein format,C[C@H]1COC2(CCN(c3nc(=O)c4cc(C(F)(F)F)cc(-n5cccc5)c4s3)CC2)O1,,,CHEMBL4371005,J Med Chem,2018,,,CHEMBL4587211,,CHEMBL4587211,,0,http://www.openphacts.org/units/Nanomolar,3189580,<,1,1,<,,IC50,nM,,8000.0,CHEMBL3804751,Mycobacterium tuberculosis (strain ATCC 25618 / H37Rv),Decaprenylphosphoryl-beta-D-ribose oxidase,83332,,,IC50,uM,UO_0000065,,8.0
,,19114440,[],CHEMBL4371337,Inhibition of Mycobacterium tuberculosis DprE1 C387S mutant using FPR as substrate by Amplex Red dye-based fluorescence assay,B,P9WJF1,C387S,BAO_0000190,BAO_0000357,single protein format,O=c1nc(N2CCN(CC3CCCCC3)CC2)sc2c(-n3cccc3)cc(C(F)(F)F)cc12,,,CHEMBL4371005,J Med Chem,2018,,,CHEMBL4460207,,CHEMBL4460207,,0,http://www.openphacts.org/units/Nanomolar,3189581,<,1,1,<,,IC50,nM,,8000.0,CHEMBL3804751,Mycobacterium tuberculosis (strain ATCC 25618 / H37Rv),Decaprenylphosphoryl-beta-D-ribose oxidase,83332,,,IC50,uM,UO_0000065,,8.0
,,19114441,[],CHEMBL4371337,Inhibition of Mycobacterium tuberculosis DprE1 C387S mutant using FPR as substrate by Amplex Red dye-based fluorescence assay,B,P9WJF1,C387S,BAO_0000190,BAO_0000357,single protein format,CCCCN1CCN(c2nc(=O)c3cc(C(F)(F)F)cc(-n4cccc4)c3s2)CC1,,,CHEMBL4371005,J Med Chem,2018,,,CHEMBL4537934,,CHEMBL4537934,,0,http://www.openphacts.org/units/Nanomolar,3189582,<,1,1,<,,IC50,nM,,8000.0,CHEMBL3804751,Mycobacterium tuberculosis (strain ATCC 25618 / H37Rv),Decaprenylphosphoryl-beta-D-ribose oxidase,83332,,,IC50,uM,UO_0000065,,8.0
,,19114442,[],CHEMBL4371337,Inhibition of Mycobacterium tuberculosis DprE1 C387S mutant using FPR as substrate by Amplex Red dye-based fluorescence assay,B,P9WJF1,C387S,BAO_0000190,BAO_0000357,single protein format,Cc1ccc(C)n1-c1cc(C(F)(F)F)cc2c(=O)nc(N3CCC4(CC3)OC[C@H](C)O4)sc12,,,CHEMBL4371005,J Med Chem,2018,,,CHEMBL4458178,,CHEMBL4458178,,0,http://www.openphacts.org/units/Nanomolar,3189583,<,1,1,<,,IC50,nM,,8000.0,CHEMBL3804751,Mycobacterium tuberculosis (strain ATCC 25618 / H37Rv),Decaprenylphosphoryl-beta-D-ribose oxidase,83332,,,IC50,uM,UO_0000065,,8.0
,,19114443,[],CHEMBL4371338,Inhibition of N-terminal His6-thioredoxin tagged Mycobacterium tuberculosis H37Rv DprE1 expressed in Escherichia coli BL21(DE3) using FPR as substrate by resazurin dye-based fluorescence assay,B,,,BAO_0000190,BAO_0000019,assay format,CCOC(=O)NC(=O)c1ccsc1NC(=O)c1nc2cnccc2s1,,,CHEMBL4371005,J Med Chem,2018,"{'bei': '18.60', 'le': '0.38', 'lle': '4.11', 'sei': '6.35'}",,CHEMBL4447540,,CHEMBL4447540,7.00,0,http://www.openphacts.org/units/Nanomolar,3189597,=,1,1,=,,IC50,nM,,100.0,CHEMBL3804751,Mycobacterium tuberculosis (strain ATCC 25618 / H37Rv),Decaprenylphosphoryl-beta-D-ribose oxidase,83332,,,IC50,uM,UO_0000065,,0.1
,,19114444,[],CHEMBL4371338,Inhibition of N-terminal His6-thioredoxin tagged Mycobacterium tuberculosis H37Rv DprE1 expressed in Escherichia coli BL21(DE3) using FPR as substrate by resazurin dye-based fluorescence assay,B,,,BAO_0000190,BAO_0000019,assay format,O=C(Nc1sccc1C(=O)Nc1ncccn1)c1nc2cnccc2s1,,,CHEMBL4371005,J Med Chem,2018,,,CHEMBL4574762,,CHEMBL4574762,,0,http://www.openphacts.org/units/Nanomolar,3189598,>,1,1,>,,IC50,nM,,10000.0,CHEMBL3804751,Mycobacterium tuberculosis (strain ATCC 25618 / H37Rv),Decaprenylphosphoryl-beta-D-ribose oxidase,83332,,,IC50,uM,UO_0000065,,10.0
,,19114445,[],CHEMBL4371338,Inhibition of N-terminal His6-thioredoxin tagged Mycobacterium tuberculosis H37Rv DprE1 expressed in Escherichia coli BL21(DE3) using FPR as substrate by resazurin dye-based fluorescence assay,B,,,BAO_0000190,BAO_0000019,assay format,Cc1ccnc(NC(=O)c2ccsc2NC(=O)c2nc3cnccc3s2)n1,,,CHEMBL4371005,J Med Chem,2018,"{'bei': '14.49', 'le': '0.29', 'lle': '2.38', 'sei': '5.23'}",,CHEMBL4451554,,CHEMBL4451554,5.75,0,http://www.openphacts.org/units/Nanomolar,3189599,=,1,1,=,,IC50,nM,,1800.0,CHEMBL3804751,Mycobacterium tuberculosis (strain ATCC 25618 / H37Rv),Decaprenylphosphoryl-beta-D-ribose oxidase,83332,,,IC50,uM,UO_0000065,,1.8
,,19114446,[],CHEMBL4371338,Inhibition of N-terminal His6-thioredoxin tagged Mycobacterium tuberculosis H37Rv DprE1 expressed in Escherichia coli BL21(DE3) using FPR as substrate by resazurin dye-based fluorescence assay,B,,,BAO_0000190,BAO_0000019,assay format,CCOC(=O)NC(=O)c1ccsc1NC(=O)c1ccn2cnnc2c1,,,CHEMBL4371005,J Med Chem,2018,"{'bei': '20.10', 'le': '0.39', 'lle': '5.29', 'sei': '6.30'}",,CHEMBL4475286,,CHEMBL4475286,7.22,0,http://www.openphacts.org/units/Nanomolar,3189600,=,1,1,=,,IC50,nM,,60.0,CHEMBL3804751,Mycobacterium tuberculosis (strain ATCC 25618 / H37Rv),Decaprenylphosphoryl-beta-D-ribose oxidase,83332,,,IC50,uM,UO_0000065,,0.06
,,19114447,[],CHEMBL4371338,Inhibition of N-terminal His6-thioredoxin tagged Mycobacterium tuberculosis H37Rv DprE1 expressed in Escherichia coli BL21(DE3) using FPR as substrate by resazurin dye-based fluorescence assay,B,,,BAO_0000190,BAO_0000019,assay format,Cc1ccnc(NC(=O)c2ccsc2NC(=O)c2ccn3cnnc3c2)n1,,,CHEMBL4371005,J Med Chem,2018,"{'bei': '19.83', 'le': '0.38', 'lle': '5.13', 'sei': '6.59'}",,CHEMBL4453252,,CHEMBL4453252,7.52,0,http://www.openphacts.org/units/Nanomolar,3189601,=,1,1,=,,IC50,nM,,30.0,CHEMBL3804751,Mycobacterium tuberculosis (strain ATCC 25618 / H37Rv),Decaprenylphosphoryl-beta-D-ribose oxidase,83332,,,IC50,uM,UO_0000065,,0.03
,,19135693,[],CHEMBL4375669,Inhibition of DprE1 in Mycobacterium tuberculosis H37Rv assessed as accumulation of trehalose dimycolates at 10 times MIC measured after 24 hrs in presence of [14C]-acetate by TLC-based autoradiography,B,,,BAO_0000201,BAO_0000357,single protein format,CCCCCCn1c(SCc2cc([N+](=O)[O-])cc([N+](=O)[O-])c2)nnc1-c1ccccc1,,,CHEMBL4373711,J Med Chem,2019,,,CHEMBL4586934,,CHEMBL4586934,,0,http://qudt.org/vocab/unit#Percent,3193582,,1,0,,Not active,Inhibition,%,,,CHEMBL3804751,Mycobacterium tuberculosis (strain ATCC 25618 / H37Rv),Decaprenylphosphoryl-beta-D-ribose oxidase,83332,Not Active,,INH,,UO_0000187,,
,,19135694,[],CHEMBL4375669,Inhibition of DprE1 in Mycobacterium tuberculosis H37Rv assessed as accumulation of trehalose dimycolates at 10 times MIC measured after 24 hrs in presence of [14C]-acetate by TLC-based autoradiography,B,,,BAO_0000201,BAO_0000357,single protein format,COc1ccc(Cn2c(SCc3cc([N+](=O)[O-])cc([N+](=O)[O-])c3)nnc2-c2ccccc2)cc1,,,CHEMBL4373711,J Med Chem,2019,,,CHEMBL4565550,,CHEMBL4565550,,0,http://qudt.org/vocab/unit#Percent,3193587,,1,0,,Not active,Inhibition,%,,,CHEMBL3804751,Mycobacterium tuberculosis (strain ATCC 25618 / H37Rv),Decaprenylphosphoryl-beta-D-ribose oxidase,83332,Not Active,,INH,,UO_0000187,,
,,19135695,[],CHEMBL4375669,Inhibition of DprE1 in Mycobacterium tuberculosis H37Rv assessed as accumulation of trehalose dimycolates at 10 times MIC measured after 24 hrs in presence of [14C]-acetate by TLC-based autoradiography,B,,,BAO_0000201,BAO_0000357,single protein format,O=[N+]([O-])c1cc(-c2nnc(SCc3ccccc3)n2Cc2ccccc2)cc([N+](=O)[O-])c1,,,CHEMBL4373711,J Med Chem,2019,,,CHEMBL4443286,,CHEMBL4443286,,0,http://qudt.org/vocab/unit#Percent,3193612,,1,0,,Not active,Inhibition,%,,,CHEMBL3804751,Mycobacterium tuberculosis (strain ATCC 25618 / H37Rv),Decaprenylphosphoryl-beta-D-ribose oxidase,83332,Not Active,,INH,,UO_0000187,,
,,19135696,[],CHEMBL4375669,Inhibition of DprE1 in Mycobacterium tuberculosis H37Rv assessed as accumulation of trehalose dimycolates at 10 times MIC measured after 24 hrs in presence of [14C]-acetate by TLC-based autoradiography,B,,,BAO_0000201,BAO_0000357,single protein format,COc1ccc(CSc2nnc(-c3cc([N+](=O)[O-])cc([N+](=O)[O-])c3)n2Cc2ccccc2)cc1,,,CHEMBL4373711,J Med Chem,2019,,,CHEMBL4476154,,CHEMBL4476154,,0,http://qudt.org/vocab/unit#Percent,3193620,,1,0,,Not active,Inhibition,%,,,CHEMBL3804751,Mycobacterium tuberculosis (strain ATCC 25618 / H37Rv),Decaprenylphosphoryl-beta-D-ribose oxidase,83332,Not Active,,INH,,UO_0000187,,
,,19135697,[],CHEMBL4375669,Inhibition of DprE1 in Mycobacterium tuberculosis H37Rv assessed as accumulation of trehalose dimycolates at 10 times MIC measured after 24 hrs in presence of [14C]-acetate by TLC-based autoradiography,B,,,BAO_0000201,BAO_0000357,single protein format,COc1ccc(CSc2nnc(-c3cc([N+](=O)[O-])cc(C(F)(F)F)c3)n2Cc2ccccc2)cc1,,,CHEMBL4373711,J Med Chem,2019,,,CHEMBL4566132,,CHEMBL4566132,,0,http://qudt.org/vocab/unit#Percent,3193625,,1,0,,Active,Inhibition,%,,,CHEMBL3804751,Mycobacterium tuberculosis (strain ATCC 25618 / H37Rv),Decaprenylphosphoryl-beta-D-ribose oxidase,83332,Active,,INH,,UO_0000187,,
,,19135698,[],CHEMBL4375669,Inhibition of DprE1 in Mycobacterium tuberculosis H37Rv assessed as accumulation of trehalose dimycolates at 10 times MIC measured after 24 hrs in presence of [14C]-acetate by TLC-based autoradiography,B,,,BAO_0000201,BAO_0000357,single protein format,O=[N+]([O-])c1cc(-c2nnc(SCc3ccccc3)n2Cc2ccccc2)cc(C(F)(F)F)c1,,,CHEMBL4373711,J Med Chem,2019,,,CHEMBL4514573,,CHEMBL4514573,,0,http://qudt.org/vocab/unit#Percent,3193629,,1,0,,Active,Inhibition,%,,,CHEMBL3804751,Mycobacterium tuberculosis (strain ATCC 25618 / H37Rv),Decaprenylphosphoryl-beta-D-ribose oxidase,83332,Active,,INH,,UO_0000187,,
,,19135699,[],CHEMBL4375669,Inhibition of DprE1 in Mycobacterium tuberculosis H37Rv assessed as accumulation of trehalose dimycolates at 10 times MIC measured after 24 hrs in presence of [14C]-acetate by TLC-based autoradiography,B,,,BAO_0000201,BAO_0000357,single protein format,C[C@H]1COC2(CCN(c3nc(=O)c4cc(C(F)(F)F)cc([N+](=O)[O-])c4s3)CC2)O1,,,CHEMBL4373711,J Med Chem,2019,,,CHEMBL1822872,BTZ-043,CHEMBL1822872,,0,http://qudt.org/vocab/unit#Percent,3193652,,1,0,,Active,Inhibition,%,,,CHEMBL3804751,Mycobacterium tuberculosis (strain ATCC 25618 / H37Rv),Decaprenylphosphoryl-beta-D-ribose oxidase,83332,Active,,INH,,UO_0000187,,
,,19135700,[],CHEMBL4375670,Inhibition of DprE1 in Mycobacterium tuberculosis H37Rv assessed as accumulation of trehalose monomycolates at 10 times MIC measured after 24 hrs in presence of [14C]-acetate by TLC-based autoradiography,B,,,BAO_0000201,BAO_0000357,single protein format,CCCCCCn1c(SCc2cc([N+](=O)[O-])cc([N+](=O)[O-])c2)nnc1-c1ccccc1,,,CHEMBL4373711,J Med Chem,2019,,,CHEMBL4586934,,CHEMBL4586934,,0,http://qudt.org/vocab/unit#Percent,3193582,,1,0,,Not active,Inhibition,%,,,CHEMBL3804751,Mycobacterium tuberculosis (strain ATCC 25618 / H37Rv),Decaprenylphosphoryl-beta-D-ribose oxidase,83332,Not Active,,INH,,UO_0000187,,
,,19135701,[],CHEMBL4375670,Inhibition of DprE1 in Mycobacterium tuberculosis H37Rv assessed as accumulation of trehalose monomycolates at 10 times MIC measured after 24 hrs in presence of [14C]-acetate by TLC-based autoradiography,B,,,BAO_0000201,BAO_0000357,single protein format,COc1ccc(Cn2c(SCc3cc([N+](=O)[O-])cc([N+](=O)[O-])c3)nnc2-c2ccccc2)cc1,,,CHEMBL4373711,J Med Chem,2019,,,CHEMBL4565550,,CHEMBL4565550,,0,http://qudt.org/vocab/unit#Percent,3193587,,1,0,,Not active,Inhibition,%,,,CHEMBL3804751,Mycobacterium tuberculosis (strain ATCC 25618 / H37Rv),Decaprenylphosphoryl-beta-D-ribose oxidase,83332,Not Active,,INH,,UO_0000187,,
,,19135702,[],CHEMBL4375670,Inhibition of DprE1 in Mycobacterium tuberculosis H37Rv assessed as accumulation of trehalose monomycolates at 10 times MIC measured after 24 hrs in presence of [14C]-acetate by TLC-based autoradiography,B,,,BAO_0000201,BAO_0000357,single protein format,O=[N+]([O-])c1cc(-c2nnc(SCc3ccccc3)n2Cc2ccccc2)cc([N+](=O)[O-])c1,,,CHEMBL4373711,J Med Chem,2019,,,CHEMBL4443286,,CHEMBL4443286,,0,http://qudt.org/vocab/unit#Percent,3193612,,1,0,,Not active,Inhibition,%,,,CHEMBL3804751,Mycobacterium tuberculosis (strain ATCC 25618 / H37Rv),Decaprenylphosphoryl-beta-D-ribose oxidase,83332,Not Active,,INH,,UO_0000187,,
,,19135703,[],CHEMBL4375670,Inhibition of DprE1 in Mycobacterium tuberculosis H37Rv assessed as accumulation of trehalose monomycolates at 10 times MIC measured after 24 hrs in presence of [14C]-acetate by TLC-based autoradiography,B,,,BAO_0000201,BAO_0000357,single protein format,COc1ccc(CSc2nnc(-c3cc([N+](=O)[O-])cc([N+](=O)[O-])c3)n2Cc2ccccc2)cc1,,,CHEMBL4373711,J Med Chem,2019,,,CHEMBL4476154,,CHEMBL4476154,,0,http://qudt.org/vocab/unit#Percent,3193620,,1,0,,Not active,Inhibition,%,,,CHEMBL3804751,Mycobacterium tuberculosis (strain ATCC 25618 / H37Rv),Decaprenylphosphoryl-beta-D-ribose oxidase,83332,Not Active,,INH,,UO_0000187,,
,,19135704,[],CHEMBL4375670,Inhibition of DprE1 in Mycobacterium tuberculosis H37Rv assessed as accumulation of trehalose monomycolates at 10 times MIC measured after 24 hrs in presence of [14C]-acetate by TLC-based autoradiography,B,,,BAO_0000201,BAO_0000357,single protein format,COc1ccc(CSc2nnc(-c3cc([N+](=O)[O-])cc(C(F)(F)F)c3)n2Cc2ccccc2)cc1,,,CHEMBL4373711,J Med Chem,2019,,,CHEMBL4566132,,CHEMBL4566132,,0,http://qudt.org/vocab/unit#Percent,3193625,,1,0,,Active,Inhibition,%,,,CHEMBL3804751,Mycobacterium tuberculosis (strain ATCC 25618 / H37Rv),Decaprenylphosphoryl-beta-D-ribose oxidase,83332,Active,,INH,,UO_0000187,,
,,19135705,[],CHEMBL4375670,Inhibition of DprE1 in Mycobacterium tuberculosis H37Rv assessed as accumulation of trehalose monomycolates at 10 times MIC measured after 24 hrs in presence of [14C]-acetate by TLC-based autoradiography,B,,,BAO_0000201,BAO_0000357,single protein format,O=[N+]([O-])c1cc(-c2nnc(SCc3ccccc3)n2Cc2ccccc2)cc(C(F)(F)F)c1,,,CHEMBL4373711,J Med Chem,2019,,,CHEMBL4514573,,CHEMBL4514573,,0,http://qudt.org/vocab/unit#Percent,3193629,,1,0,,Active,Inhibition,%,,,CHEMBL3804751,Mycobacterium tuberculosis (strain ATCC 25618 / H37Rv),Decaprenylphosphoryl-beta-D-ribose oxidase,83332,Active,,INH,,UO_0000187,,
,,19135706,[],CHEMBL4375670,Inhibition of DprE1 in Mycobacterium tuberculosis H37Rv assessed as accumulation of trehalose monomycolates at 10 times MIC measured after 24 hrs in presence of [14C]-acetate by TLC-based autoradiography,B,,,BAO_0000201,BAO_0000357,single protein format,C[C@H]1COC2(CCN(c3nc(=O)c4cc(C(F)(F)F)cc([N+](=O)[O-])c4s3)CC2)O1,,,CHEMBL4373711,J Med Chem,2019,,,CHEMBL1822872,BTZ-043,CHEMBL1822872,,0,http://qudt.org/vocab/unit#Percent,3193652,,1,0,,Active,Inhibition,%,,,CHEMBL3804751,Mycobacterium tuberculosis (strain ATCC 25618 / H37Rv),Decaprenylphosphoryl-beta-D-ribose oxidase,83332,Active,,INH,,UO_0000187,,
,,19135707,[],CHEMBL4375671,Inhibition of DprE1 in Mycobacterium tuberculosis H37Rv assessed as accumulation of trehalose dimycolates at 100 times MIC measured after 24 hrs in presence of [14C]-acetate by TLC-based autoradiography,B,,,BAO_0000201,BAO_0000357,single protein format,CCCCCCn1c(SCc2cc([N+](=O)[O-])cc([N+](=O)[O-])c2)nnc1-c1ccccc1,,,CHEMBL4373711,J Med Chem,2019,,,CHEMBL4586934,,CHEMBL4586934,,0,http://qudt.org/vocab/unit#Percent,3193582,,1,0,,Not active,Inhibition,%,,,CHEMBL3804751,Mycobacterium tuberculosis (strain ATCC 25618 / H37Rv),Decaprenylphosphoryl-beta-D-ribose oxidase,83332,Not Active,,INH,,UO_0000187,,
,,19135708,[],CHEMBL4375671,Inhibition of DprE1 in Mycobacterium tuberculosis H37Rv assessed as accumulation of trehalose dimycolates at 100 times MIC measured after 24 hrs in presence of [14C]-acetate by TLC-based autoradiography,B,,,BAO_0000201,BAO_0000357,single protein format,COc1ccc(Cn2c(SCc3cc([N+](=O)[O-])cc([N+](=O)[O-])c3)nnc2-c2ccccc2)cc1,,,CHEMBL4373711,J Med Chem,2019,,,CHEMBL4565550,,CHEMBL4565550,,0,http://qudt.org/vocab/unit#Percent,3193587,,1,0,,Not active,Inhibition,%,,,CHEMBL3804751,Mycobacterium tuberculosis (strain ATCC 25618 / H37Rv),Decaprenylphosphoryl-beta-D-ribose oxidase,83332,Not Active,,INH,,UO_0000187,,
,,19135709,[],CHEMBL4375671,Inhibition of DprE1 in Mycobacterium tuberculosis H37Rv assessed as accumulation of trehalose dimycolates at 100 times MIC measured after 24 hrs in presence of [14C]-acetate by TLC-based autoradiography,B,,,BAO_0000201,BAO_0000357,single protein format,O=[N+]([O-])c1cc(-c2nnc(SCc3ccccc3)n2Cc2ccccc2)cc([N+](=O)[O-])c1,,,CHEMBL4373711,J Med Chem,2019,,,CHEMBL4443286,,CHEMBL4443286,,0,http://qudt.org/vocab/unit#Percent,3193612,,1,0,,Active,Inhibition,%,,,CHEMBL3804751,Mycobacterium tuberculosis (strain ATCC 25618 / H37Rv),Decaprenylphosphoryl-beta-D-ribose oxidase,83332,Active,,INH,,UO_0000187,,
,,19135710,[],CHEMBL4375671,Inhibition of DprE1 in Mycobacterium tuberculosis H37Rv assessed as accumulation of trehalose dimycolates at 100 times MIC measured after 24 hrs in presence of [14C]-acetate by TLC-based autoradiography,B,,,BAO_0000201,BAO_0000357,single protein format,COc1ccc(CSc2nnc(-c3cc([N+](=O)[O-])cc([N+](=O)[O-])c3)n2Cc2ccccc2)cc1,,,CHEMBL4373711,J Med Chem,2019,,,CHEMBL4476154,,CHEMBL4476154,,0,http://qudt.org/vocab/unit#Percent,3193620,,1,0,,Active,Inhibition,%,,,CHEMBL3804751,Mycobacterium tuberculosis (strain ATCC 25618 / H37Rv),Decaprenylphosphoryl-beta-D-ribose oxidase,83332,Active,,INH,,UO_0000187,,
,,19135711,[],CHEMBL4375672,Inhibition of DprE1 in Mycobacterium tuberculosis H37Rv assessed as accumulation of trehalose monomycolates at 100 times MIC measured after 24 hrs in presence of [14C]-acetate by TLC-based autoradiography,B,,,BAO_0000201,BAO_0000357,single protein format,CCCCCCn1c(SCc2cc([N+](=O)[O-])cc([N+](=O)[O-])c2)nnc1-c1ccccc1,,,CHEMBL4373711,J Med Chem,2019,,,CHEMBL4586934,,CHEMBL4586934,,0,http://qudt.org/vocab/unit#Percent,3193582,,1,0,,Not active,Inhibition,%,,,CHEMBL3804751,Mycobacterium tuberculosis (strain ATCC 25618 / H37Rv),Decaprenylphosphoryl-beta-D-ribose oxidase,83332,Not Active,,INH,,UO_0000187,,
,,19135712,[],CHEMBL4375672,Inhibition of DprE1 in Mycobacterium tuberculosis H37Rv assessed as accumulation of trehalose monomycolates at 100 times MIC measured after 24 hrs in presence of [14C]-acetate by TLC-based autoradiography,B,,,BAO_0000201,BAO_0000357,single protein format,COc1ccc(Cn2c(SCc3cc([N+](=O)[O-])cc([N+](=O)[O-])c3)nnc2-c2ccccc2)cc1,,,CHEMBL4373711,J Med Chem,2019,,,CHEMBL4565550,,CHEMBL4565550,,0,http://qudt.org/vocab/unit#Percent,3193587,,1,0,,Not active,Inhibition,%,,,CHEMBL3804751,Mycobacterium tuberculosis (strain ATCC 25618 / H37Rv),Decaprenylphosphoryl-beta-D-ribose oxidase,83332,Not Active,,INH,,UO_0000187,,
,,19135713,[],CHEMBL4375672,Inhibition of DprE1 in Mycobacterium tuberculosis H37Rv assessed as accumulation of trehalose monomycolates at 100 times MIC measured after 24 hrs in presence of [14C]-acetate by TLC-based autoradiography,B,,,BAO_0000201,BAO_0000357,single protein format,O=[N+]([O-])c1cc(-c2nnc(SCc3ccccc3)n2Cc2ccccc2)cc([N+](=O)[O-])c1,,,CHEMBL4373711,J Med Chem,2019,,,CHEMBL4443286,,CHEMBL4443286,,0,http://qudt.org/vocab/unit#Percent,3193612,,1,0,,Active,Inhibition,%,,,CHEMBL3804751,Mycobacterium tuberculosis (strain ATCC 25618 / H37Rv),Decaprenylphosphoryl-beta-D-ribose oxidase,83332,Active,,INH,,UO_0000187,,
,,19135714,[],CHEMBL4375672,Inhibition of DprE1 in Mycobacterium tuberculosis H37Rv assessed as accumulation of trehalose monomycolates at 100 times MIC measured after 24 hrs in presence of [14C]-acetate by TLC-based autoradiography,B,,,BAO_0000201,BAO_0000357,single protein format,COc1ccc(CSc2nnc(-c3cc([N+](=O)[O-])cc([N+](=O)[O-])c3)n2Cc2ccccc2)cc1,,,CHEMBL4373711,J Med Chem,2019,,,CHEMBL4476154,,CHEMBL4476154,,0,http://qudt.org/vocab/unit#Percent,3193620,,1,0,,Active,Inhibition,%,,,CHEMBL3804751,Mycobacterium tuberculosis (strain ATCC 25618 / H37Rv),Decaprenylphosphoryl-beta-D-ribose oxidase,83332,Active,,INH,,UO_0000187,,
,,19254373,[],CHEMBL4402364,Inhibition of Mycobacterium tuberculosis H37Rv DprE1 assessed as reduction in bacterial growth measured after 7 to 10 days by broth microdilution method,B,,,BAO_0002146,BAO_0000357,single protein format,O=c1nc(N2CCN(CC3CCCCC3)CC2)sc2c([N+](=O)[O-])cc(C(F)(F)F)cc12,,,CHEMBL4400578,ACS Med Chem Lett,2019,,,CHEMBL3330226,MACOZINONE,CHEMBL3330226,,0,http://www.openphacts.org/units/Nanomolar,3214726,=,1,1,=,,MIC,nM,,2.0,CHEMBL3804751,Mycobacterium tuberculosis (strain ATCC 25618 / H37Rv),Decaprenylphosphoryl-beta-D-ribose oxidase,83332,,,MIC,nM,UO_0000065,,2.0
,,19254374,[],CHEMBL4402364,Inhibition of Mycobacterium tuberculosis H37Rv DprE1 assessed as reduction in bacterial growth measured after 7 to 10 days by broth microdilution method,B,,,BAO_0002146,BAO_0000357,single protein format,O=c1nc(N2C[C@H]3C[C@@H](C2)N3CC2CCCCC2)sc2c([N+](=O)[O-])cc(C(F)(F)F)cc12,,,CHEMBL4400578,ACS Med Chem Lett,2019,,,CHEMBL4465862,,CHEMBL4465862,,0,http://www.openphacts.org/units/Nanomolar,3214727,=,1,1,=,,MIC,nM,,128.0,CHEMBL3804751,Mycobacterium tuberculosis (strain ATCC 25618 / H37Rv),Decaprenylphosphoryl-beta-D-ribose oxidase,83332,,,MIC,nM,UO_0000065,,128.0
,,19254448,[],CHEMBL4402364,Inhibition of Mycobacterium tuberculosis H37Rv DprE1 assessed as reduction in bacterial growth measured after 7 to 10 days by broth microdilution method,B,,,BAO_0002146,BAO_0000357,single protein format,O=c1nc(N2CCC3(CC2)CC3)sc2c([N+](=O)[O-])cc(C(F)(F)F)cc12,,,CHEMBL4400578,ACS Med Chem Lett,2019,,,CHEMBL4514820,,CHEMBL4514820,,0,http://www.openphacts.org/units/Nanomolar,3214738,=,1,1,=,,MIC,nM,,16.0,CHEMBL3804751,Mycobacterium tuberculosis (strain ATCC 25618 / H37Rv),Decaprenylphosphoryl-beta-D-ribose oxidase,83332,,,MIC,nM,UO_0000065,,16.0
,,19254449,[],CHEMBL4402364,Inhibition of Mycobacterium tuberculosis H37Rv DprE1 assessed as reduction in bacterial growth measured after 7 to 10 days by broth microdilution method,B,,,BAO_0002146,BAO_0000357,single protein format,O=c1nc(N2CCCC3(CCCCN3CC3CCCCC3)C2)sc2c([N+](=O)[O-])cc(C(F)(F)F)cc12,,,CHEMBL4400578,ACS Med Chem Lett,2019,,,CHEMBL4590456,,CHEMBL4590456,,0,http://www.openphacts.org/units/Nanomolar,3214737,=,1,1,=,,MIC,nM,,1024.0,CHEMBL3804751,Mycobacterium tuberculosis (strain ATCC 25618 / H37Rv),Decaprenylphosphoryl-beta-D-ribose oxidase,83332,,,MIC,nM,UO_0000065,,1024.0
,,19254450,[],CHEMBL4402364,Inhibition of Mycobacterium tuberculosis H37Rv DprE1 assessed as reduction in bacterial growth measured after 7 to 10 days by broth microdilution method,B,,,BAO_0002146,BAO_0000357,single protein format,O=c1nc(N2CCC3(CCN(CC4CCCCC4)C3)CC2)sc2c([N+](=O)[O-])cc(C(F)(F)F)cc12,,,CHEMBL4400578,ACS Med Chem Lett,2019,,,CHEMBL4081124,,CHEMBL4081124,,0,http://www.openphacts.org/units/Nanomolar,3214736,=,1,1,=,,MIC,nM,,128.0,CHEMBL3804751,Mycobacterium tuberculosis (strain ATCC 25618 / H37Rv),Decaprenylphosphoryl-beta-D-ribose oxidase,83332,,,MIC,nM,UO_0000065,,128.0
,,19254451,[],CHEMBL4402364,Inhibition of Mycobacterium tuberculosis H37Rv DprE1 assessed as reduction in bacterial growth measured after 7 to 10 days by broth microdilution method,B,,,BAO_0002146,BAO_0000357,single protein format,O=c1nc(N2CC3CCC2CN3CC2CCCCC2)sc2c([N+](=O)[O-])cc(C(F)(F)F)cc12,,,CHEMBL4400578,ACS Med Chem Lett,2019,,,CHEMBL4571145,,CHEMBL4571145,,0,http://www.openphacts.org/units/Nanomolar,3214735,=,1,1,=,,MIC,nM,,32.0,CHEMBL3804751,Mycobacterium tuberculosis (strain ATCC 25618 / H37Rv),Decaprenylphosphoryl-beta-D-ribose oxidase,83332,,,MIC,nM,UO_0000065,,32.0
,,19254452,[],CHEMBL4402364,Inhibition of Mycobacterium tuberculosis H37Rv DprE1 assessed as reduction in bacterial growth measured after 7 to 10 days by broth microdilution method,B,,,BAO_0002146,BAO_0000357,single protein format,O=c1nc(N2CC3(CN(CC4CCCCC4)C3)C2)sc2c([N+](=O)[O-])cc(C(F)(F)F)cc12,,,CHEMBL4400578,ACS Med Chem Lett,2019,,,CHEMBL4476439,,CHEMBL4476439,,0,http://www.openphacts.org/units/Nanomolar,3214734,=,1,1,=,,MIC,nM,,256.0,CHEMBL3804751,Mycobacterium tuberculosis (strain ATCC 25618 / H37Rv),Decaprenylphosphoryl-beta-D-ribose oxidase,83332,,,MIC,nM,UO_0000065,,256.0
,,19254453,[],CHEMBL4402364,Inhibition of Mycobacterium tuberculosis H37Rv DprE1 assessed as reduction in bacterial growth measured after 7 to 10 days by broth microdilution method,B,,,BAO_0002146,BAO_0000357,single protein format,O=c1nc(N2C[C@H]3C[C@@H]2CN3CC2CCCCC2)sc2c([N+](=O)[O-])cc(C(F)(F)F)cc12,,,CHEMBL4400578,ACS Med Chem Lett,2019,,,CHEMBL4450062,,CHEMBL4450062,,0,http://www.openphacts.org/units/Nanomolar,3214733,=,1,1,=,,MIC,nM,,64.0,CHEMBL3804751,Mycobacterium tuberculosis (strain ATCC 25618 / H37Rv),Decaprenylphosphoryl-beta-D-ribose oxidase,83332,,,MIC,nM,UO_0000065,,64.0
,,19254454,[],CHEMBL4402364,Inhibition of Mycobacterium tuberculosis H37Rv DprE1 assessed as reduction in bacterial growth measured after 7 to 10 days by broth microdilution method,B,,,BAO_0002146,BAO_0000357,single protein format,O=c1nc(N2CCC3(CCN(CC4CCCCC4)C3)C2)sc2c([N+](=O)[O-])cc(C(F)(F)F)cc12,,,CHEMBL4400578,ACS Med Chem Lett,2019,,,CHEMBL4532298,,CHEMBL4532298,,0,http://www.openphacts.org/units/Nanomolar,3214732,=,1,1,=,,MIC,nM,,256.0,CHEMBL3804751,Mycobacterium tuberculosis (strain ATCC 25618 / H37Rv),Decaprenylphosphoryl-beta-D-ribose oxidase,83332,,,MIC,nM,UO_0000065,,256.0
,,19254455,[],CHEMBL4402364,Inhibition of Mycobacterium tuberculosis H37Rv DprE1 assessed as reduction in bacterial growth measured after 7 to 10 days by broth microdilution method,B,,,BAO_0002146,BAO_0000357,single protein format,O=c1nc(N2C[C@@H]3[C@H](C2)[C@H]3NCC2CCCCC2)sc2c([N+](=O)[O-])cc(C(F)(F)F)cc12,,,CHEMBL4400578,ACS Med Chem Lett,2019,,,CHEMBL4556916,,CHEMBL4556916,,0,http://www.openphacts.org/units/Nanomolar,3214731,=,1,1,=,,MIC,nM,,32.0,CHEMBL3804751,Mycobacterium tuberculosis (strain ATCC 25618 / H37Rv),Decaprenylphosphoryl-beta-D-ribose oxidase,83332,,,MIC,nM,UO_0000065,,32.0
,,19254456,[],CHEMBL4402364,Inhibition of Mycobacterium tuberculosis H37Rv DprE1 assessed as reduction in bacterial growth measured after 7 to 10 days by broth microdilution method,B,,,BAO_0002146,BAO_0000357,single protein format,O=c1nc(N2CCC3(CC2)CN(CC2CCCCC2)C3)sc2c([N+](=O)[O-])cc(C(F)(F)F)cc12,,,CHEMBL4400578,ACS Med Chem Lett,2019,,,CHEMBL4104263,,CHEMBL4104263,,0,http://www.openphacts.org/units/Nanomolar,3214730,=,1,1,=,,MIC,nM,,512.0,CHEMBL3804751,Mycobacterium tuberculosis (strain ATCC 25618 / H37Rv),Decaprenylphosphoryl-beta-D-ribose oxidase,83332,,,MIC,nM,UO_0000065,,512.0
,,19254457,[],CHEMBL4402364,Inhibition of Mycobacterium tuberculosis H37Rv DprE1 assessed as reduction in bacterial growth measured after 7 to 10 days by broth microdilution method,B,,,BAO_0002146,BAO_0000357,single protein format,O=c1nc(N2CC3(CCN(CC4CCCCC4)CC3)C2)sc2c([N+](=O)[O-])cc(C(F)(F)F)cc12,,,CHEMBL4400578,ACS Med Chem Lett,2019,,,CHEMBL4534743,,CHEMBL4534743,,0,http://www.openphacts.org/units/Nanomolar,3214729,=,1,1,=,,MIC,nM,,1024.0,CHEMBL3804751,Mycobacterium tuberculosis (strain ATCC 25618 / H37Rv),Decaprenylphosphoryl-beta-D-ribose oxidase,83332,,,MIC,nM,UO_0000065,,1024.0
,,19254458,[],CHEMBL4402364,Inhibition of Mycobacterium tuberculosis H37Rv DprE1 assessed as reduction in bacterial growth measured after 7 to 10 days by broth microdilution method,B,,,BAO_0002146,BAO_0000357,single protein format,O=c1nc(N2[C@@H]3C[C@H]2CN(CC2CCCCC2)C3)sc2c([N+](=O)[O-])cc(C(F)(F)F)cc12,,,CHEMBL4400578,ACS Med Chem Lett,2019,,,CHEMBL4467871,,CHEMBL4467871,,0,http://www.openphacts.org/units/Nanomolar,3214728,=,1,1,=,,MIC,nM,,128.0,CHEMBL3804751,Mycobacterium tuberculosis (strain ATCC 25618 / H37Rv),Decaprenylphosphoryl-beta-D-ribose oxidase,83332,,,MIC,nM,UO_0000065,,128.0
,,19270880,[],CHEMBL4406692,Inhibition of Mycobacterium tuberculosis DprE1 expressed in Escherichia coli BL21(DE3) cells,B,,,BAO_0000190,BAO_0000219,cell-based format,COC(=O)c1ccc(C2(C)NC(=O)N(CC(=O)c3ccc(F)cc3F)C2=O)cc1,,,CHEMBL4402609,J Med Chem,2020,"{'bei': '17.65', 'le': '0.33', 'lle': '4.70', 'sei': '7.65'}",,CHEMBL4557558,,CHEMBL4557558,7.10,0,http://www.openphacts.org/units/Nanomolar,3217845,=,1,1,=,,IC50,nM,,79.43,CHEMBL3804751,Mycobacterium tuberculosis (strain ATCC 25618 / H37Rv),Decaprenylphosphoryl-beta-D-ribose oxidase,83332,,,pIC50,,UO_0000065,,7.1
,,19270881,[],CHEMBL4406692,Inhibition of Mycobacterium tuberculosis DprE1 expressed in Escherichia coli BL21(DE3) cells,B,,,BAO_0000190,BAO_0000219,cell-based format,CC1(c2ccc(NC(N)=O)cc2)NC(=O)N(CC(=O)c2ccc(F)cc2F)C1=O,,,CHEMBL4402609,J Med Chem,2020,"{'bei': '13.17', 'le': '0.25', 'lle': '3.19', 'sei': '4.36'}",,CHEMBL4458728,,CHEMBL4458728,5.30,0,http://www.openphacts.org/units/Nanomolar,3217846,=,1,1,=,,IC50,nM,,5011.87,CHEMBL3804751,Mycobacterium tuberculosis (strain ATCC 25618 / H37Rv),Decaprenylphosphoryl-beta-D-ribose oxidase,83332,,,pIC50,,UO_0000065,,5.3
,,19270882,[],CHEMBL4406692,Inhibition of Mycobacterium tuberculosis DprE1 expressed in Escherichia coli BL21(DE3) cells,B,,,BAO_0000190,BAO_0000219,cell-based format,CC1(c2ccc(CS(C)(=O)=O)cc2)NC(=O)N(CC(=O)c2ccc(F)cc2F)C1=O,,,CHEMBL4402609,J Med Chem,2020,"{'bei': '14.21', 'le': '0.28', 'lle': '4.04', 'sei': '6.16'}",,CHEMBL4456756,,CHEMBL4456756,6.20,0,http://www.openphacts.org/units/Nanomolar,3217847,=,1,1,=,,IC50,nM,,630.96,CHEMBL3804751,Mycobacterium tuberculosis (strain ATCC 25618 / H37Rv),Decaprenylphosphoryl-beta-D-ribose oxidase,83332,,,pIC50,,UO_0000065,,6.2
,,19270883,[],CHEMBL4406692,Inhibition of Mycobacterium tuberculosis DprE1 expressed in Escherichia coli BL21(DE3) cells,B,,,BAO_0000190,BAO_0000219,cell-based format,CC1(c2ccc(N3CCCOC3=O)cc2)NC(=O)N(CC(=O)c2ccc(F)cc2F)C1=O,,,CHEMBL4402609,J Med Chem,2020,"{'bei': '11.73', 'le': '0.22', 'lle': '2.24', 'sei': '5.42'}",,CHEMBL4553032,,CHEMBL4553032,5.20,0,http://www.openphacts.org/units/Nanomolar,3217848,=,1,1,=,,IC50,nM,,6309.57,CHEMBL3804751,Mycobacterium tuberculosis (strain ATCC 25618 / H37Rv),Decaprenylphosphoryl-beta-D-ribose oxidase,83332,,,pIC50,,UO_0000065,,5.2
,,19270884,[],CHEMBL4406692,Inhibition of Mycobacterium tuberculosis DprE1 expressed in Escherichia coli BL21(DE3) cells,B,,,BAO_0000190,BAO_0000219,cell-based format,CC1(c2ccc3c(c2)NC(=O)CO3)NC(=O)N(CC(=O)c2ccc(F)cc2F)C1=O,,,CHEMBL4402609,J Med Chem,2020,"{'bei': '16.37', 'le': '0.31', 'lle': '4.85', 'sei': '6.49'}",,CHEMBL4455316,,CHEMBL4455316,6.80,0,http://www.openphacts.org/units/Nanomolar,3217849,=,1,1,=,,IC50,nM,,158.49,CHEMBL3804751,Mycobacterium tuberculosis (strain ATCC 25618 / H37Rv),Decaprenylphosphoryl-beta-D-ribose oxidase,83332,,,pIC50,,UO_0000065,,6.8
,,19270885,[],CHEMBL4406692,Inhibition of Mycobacterium tuberculosis DprE1 expressed in Escherichia coli BL21(DE3) cells,B,,,BAO_0000190,BAO_0000219,cell-based format,CC1(c2ccc(C(N)=O)cc2)NC(=O)N(CC(=O)c2ccc(F)cc2F)C1=O,,,CHEMBL4402609,J Med Chem,2020,"{'bei': '13.42', 'le': '0.25', 'lle': '3.49', 'sei': '4.75'}",,CHEMBL4541826,,CHEMBL4541826,5.20,0,http://www.openphacts.org/units/Nanomolar,3217850,=,1,1,=,,IC50,nM,,6309.57,CHEMBL3804751,Mycobacterium tuberculosis (strain ATCC 25618 / H37Rv),Decaprenylphosphoryl-beta-D-ribose oxidase,83332,,,pIC50,,UO_0000065,,5.2
,,19270886,[],CHEMBL4406692,Inhibition of Mycobacterium tuberculosis DprE1 expressed in Escherichia coli BL21(DE3) cells,B,,,BAO_0000190,BAO_0000219,cell-based format,CC1(c2ccc(C(=O)O)cc2)NC(=O)N(CC(=O)c2ccc(F)cc2F)C1=O,,,CHEMBL4402609,J Med Chem,2020,"{'bei': '10.56', 'le': '0.20', 'lle': '1.79', 'sei': '3.95'}",,CHEMBL4529776,,CHEMBL4529776,4.10,0,http://www.openphacts.org/units/Nanomolar,3217851,=,1,1,=,,IC50,nM,,79432.82,CHEMBL3804751,Mycobacterium tuberculosis (strain ATCC 25618 / H37Rv),Decaprenylphosphoryl-beta-D-ribose oxidase,83332,,,pIC50,,UO_0000065,,4.1
,,19270887,[],CHEMBL4406692,Inhibition of Mycobacterium tuberculosis DprE1 expressed in Escherichia coli BL21(DE3) cells,B,,,BAO_0000190,BAO_0000219,cell-based format,CC1(c2ccc(-c3nnn[nH]3)cc2)NC(=O)N(CC(=O)c2ccc(F)cc2F)C1=O,,,CHEMBL4402609,J Med Chem,2020,"{'bei': '12.13', 'le': '0.23', 'lle': '3.21', 'sei': '4.13'}",,CHEMBL4456728,,CHEMBL4456728,5.00,0,http://www.openphacts.org/units/Nanomolar,3217852,=,1,1,=,,IC50,nM,,10000.0,CHEMBL3804751,Mycobacterium tuberculosis (strain ATCC 25618 / H37Rv),Decaprenylphosphoryl-beta-D-ribose oxidase,83332,,,pIC50,,UO_0000065,,5.0
,,19270888,[],CHEMBL4406692,Inhibition of Mycobacterium tuberculosis DprE1 expressed in Escherichia coli BL21(DE3) cells,B,,,BAO_0000190,BAO_0000219,cell-based format,CC1(c2ccc(NS(=O)(=O)C(F)(F)F)cc2)NC(=O)N(CC(=O)c2ccc(F)cc2F)C1=O,,,CHEMBL4402609,J Med Chem,2020,"{'bei': '10.18', 'le': '0.21', 'lle': '2.12', 'sei': '4.44'}",,CHEMBL4452397,,CHEMBL4452397,5.00,0,http://www.openphacts.org/units/Nanomolar,3217853,=,1,1,=,,IC50,nM,,10000.0,CHEMBL3804751,Mycobacterium tuberculosis (strain ATCC 25618 / H37Rv),Decaprenylphosphoryl-beta-D-ribose oxidase,83332,,,pIC50,,UO_0000065,,5.0
,,19270889,[],CHEMBL4406692,Inhibition of Mycobacterium tuberculosis DprE1 expressed in Escherichia coli BL21(DE3) cells,B,,,BAO_0000190,BAO_0000219,cell-based format,CC1(c2ccc(NS(=O)(=O)c3ccccc3)cc2)NC(=O)N(CC(=O)c2ccc(F)cc2F)C1=O,,,CHEMBL4402609,J Med Chem,2020,"{'bei': '12.81', 'le': '0.25', 'lle': '2.98', 'sei': '5.68'}",,CHEMBL4567438,,CHEMBL4567438,6.40,0,http://www.openphacts.org/units/Nanomolar,3217854,=,1,1,=,,IC50,nM,,398.11,CHEMBL3804751,Mycobacterium tuberculosis (strain ATCC 25618 / H37Rv),Decaprenylphosphoryl-beta-D-ribose oxidase,83332,,,pIC50,,UO_0000065,,6.4
,,19270890,[],CHEMBL4406692,Inhibition of Mycobacterium tuberculosis DprE1 expressed in Escherichia coli BL21(DE3) cells,B,,,BAO_0000190,BAO_0000219,cell-based format,CCCCS(=O)(=O)Nc1ccc(C2(C)NC(=O)N(CC(=O)c3ccc(F)cc3F)C2=O)cc1,,,CHEMBL4402609,J Med Chem,2020,"{'bei': '11.26', 'le': '0.22', 'lle': '2.24', 'sei': '4.79'}",,CHEMBL4435429,,CHEMBL4435429,5.40,0,http://www.openphacts.org/units/Nanomolar,3217855,=,1,1,=,,IC50,nM,,3981.07,CHEMBL3804751,Mycobacterium tuberculosis (strain ATCC 25618 / H37Rv),Decaprenylphosphoryl-beta-D-ribose oxidase,83332,,,pIC50,,UO_0000065,,5.4
,,19270891,[],CHEMBL4406692,Inhibition of Mycobacterium tuberculosis DprE1 expressed in Escherichia coli BL21(DE3) cells,B,,,BAO_0000190,BAO_0000219,cell-based format,CC1(c2ccc(S(N)(=O)=O)cc2)NC(=O)N(CC(=O)c2ccc(F)cc2F)C1=O,,,CHEMBL4402609,J Med Chem,2020,"{'bei': '17.01', 'le': '0.34', 'lle': '5.94', 'sei': '5.69'}",,CHEMBL4441087,,CHEMBL4441087,7.20,0,http://www.openphacts.org/units/Nanomolar,3217856,=,1,1,=,,IC50,nM,,63.1,CHEMBL3804751,Mycobacterium tuberculosis (strain ATCC 25618 / H37Rv),Decaprenylphosphoryl-beta-D-ribose oxidase,83332,,,pIC50,,UO_0000065,,7.2
,,19270892,[],CHEMBL4406692,Inhibition of Mycobacterium tuberculosis DprE1 expressed in Escherichia coli BL21(DE3) cells,B,,,BAO_0000190,BAO_0000219,cell-based format,CNS(=O)(=O)c1ccc(C2(C)NC(=O)N(CC(=O)c3ccc(F)cc3F)C2=O)cc1,,,CHEMBL4402609,J Med Chem,2020,"{'bei': '13.95', 'le': '0.28', 'lle': '4.58', 'sei': '5.42'}",,CHEMBL4445241,,CHEMBL4445241,6.10,0,http://www.openphacts.org/units/Nanomolar,3217857,=,1,1,=,,IC50,nM,,794.33,CHEMBL3804751,Mycobacterium tuberculosis (strain ATCC 25618 / H37Rv),Decaprenylphosphoryl-beta-D-ribose oxidase,83332,,,pIC50,,UO_0000065,,6.1
,,19270893,[],CHEMBL4406692,Inhibition of Mycobacterium tuberculosis DprE1 expressed in Escherichia coli BL21(DE3) cells,B,,,BAO_0000190,BAO_0000219,cell-based format,CN(C)S(=O)(=O)c1ccc(C2(C)NC(=O)N(CC(=O)c3ccc(F)cc3F)C2=O)cc1,,,CHEMBL4402609,J Med Chem,2020,"{'bei': '12.63', 'le': '0.25', 'lle': '3.84', 'sei': '5.49'}",,CHEMBL4446492,,CHEMBL4446492,5.70,0,http://www.openphacts.org/units/Nanomolar,3217858,=,1,1,=,,IC50,nM,,1995.26,CHEMBL3804751,Mycobacterium tuberculosis (strain ATCC 25618 / H37Rv),Decaprenylphosphoryl-beta-D-ribose oxidase,83332,,,pIC50,,UO_0000065,,5.7
,,19270894,[],CHEMBL4406692,Inhibition of Mycobacterium tuberculosis DprE1 expressed in Escherichia coli BL21(DE3) cells,B,,,BAO_0000190,BAO_0000219,cell-based format,CC1(c2ccc(S(=O)(=O)NC3CC3)cc2)NC(=O)N(CC(=O)c2ccc(F)cc2F)C1=O,,,CHEMBL4402609,J Med Chem,2020,"{'bei': '12.30', 'le': '0.24', 'lle': '3.64', 'sei': '5.06'}",,CHEMBL4553236,,CHEMBL4553236,5.70,0,http://www.openphacts.org/units/Nanomolar,3217859,=,1,1,=,,IC50,nM,,1995.26,CHEMBL3804751,Mycobacterium tuberculosis (strain ATCC 25618 / H37Rv),Decaprenylphosphoryl-beta-D-ribose oxidase,83332,,,pIC50,,UO_0000065,,5.7
,,19270895,[],CHEMBL4406692,Inhibition of Mycobacterium tuberculosis DprE1 expressed in Escherichia coli BL21(DE3) cells,B,,,BAO_0000190,BAO_0000219,cell-based format,CC1(c2ccc(S(=O)(=O)NCC(F)(F)F)cc2)NC(=O)N(CC(=O)c2ccc(F)cc2F)C1=O,,,CHEMBL4402609,J Med Chem,2020,"{'bei': '8.90', 'le': '0.18', 'lle': '2.04', 'sei': '3.99'}",,CHEMBL4514991,,CHEMBL4514991,4.50,0,http://www.openphacts.org/units/Nanomolar,3217843,=,1,1,=,,IC50,nM,,31622.78,CHEMBL3804751,Mycobacterium tuberculosis (strain ATCC 25618 / H37Rv),Decaprenylphosphoryl-beta-D-ribose oxidase,83332,,,pIC50,,UO_0000065,,4.5
,,19270896,[],CHEMBL4406692,Inhibition of Mycobacterium tuberculosis DprE1 expressed in Escherichia coli BL21(DE3) cells,B,,,BAO_0000190,BAO_0000219,cell-based format,CC1(c2ccc(S(=O)(=O)Nc3ccccc3)cc2)NC(=O)N(CC(=O)c2ccc(F)cc2F)C1=O,,,CHEMBL4402609,J Med Chem,2020,"{'bei': '9.41', 'le': '0.18', 'lle': '1.28', 'sei': '4.17'}",,CHEMBL4434826,,CHEMBL4434826,4.70,0,http://www.openphacts.org/units/Nanomolar,3217860,=,1,1,=,,IC50,nM,,19952.62,CHEMBL3804751,Mycobacterium tuberculosis (strain ATCC 25618 / H37Rv),Decaprenylphosphoryl-beta-D-ribose oxidase,83332,,,pIC50,,UO_0000065,,4.7
,,19270897,[],CHEMBL4406692,Inhibition of Mycobacterium tuberculosis DprE1 expressed in Escherichia coli BL21(DE3) cells,B,,,BAO_0000190,BAO_0000219,cell-based format,CC1(c2ccc(S(=O)(=O)N3CCOCC3)cc2)NC(=O)N(CC(=O)c2ccc(F)cc2F)C1=O,,,CHEMBL4402609,J Med Chem,2020,"{'bei': '9.93', 'le': '0.20', 'lle': '3.26', 'sei': '4.33'}",,CHEMBL4592974,,CHEMBL4592974,4.90,0,http://www.openphacts.org/units/Nanomolar,3217861,=,1,1,=,,IC50,nM,,12589.25,CHEMBL3804751,Mycobacterium tuberculosis (strain ATCC 25618 / H37Rv),Decaprenylphosphoryl-beta-D-ribose oxidase,83332,,,pIC50,,UO_0000065,,4.9
,,19270976,[],CHEMBL4406692,Inhibition of Mycobacterium tuberculosis DprE1 expressed in Escherichia coli BL21(DE3) cells,B,,,BAO_0000190,BAO_0000219,cell-based format,CC1(c2ccc(S(N)(=O)=O)cc2)NC(=O)N(CC(=O)c2ccccc2)C1=O,,,CHEMBL4402609,J Med Chem,2020,"{'bei': '17.04', 'le': '0.33', 'lle': '5.62', 'sei': '5.21'}",,CHEMBL4467801,,CHEMBL4467801,6.60,0,http://www.openphacts.org/units/Nanomolar,3217862,=,1,1,=,,IC50,nM,,251.19,CHEMBL3804751,Mycobacterium tuberculosis (strain ATCC 25618 / H37Rv),Decaprenylphosphoryl-beta-D-ribose oxidase,83332,,,pIC50,,UO_0000065,,6.6
,,19270977,[],CHEMBL4406692,Inhibition of Mycobacterium tuberculosis DprE1 expressed in Escherichia coli BL21(DE3) cells,B,,,BAO_0000190,BAO_0000219,cell-based format,CC1(c2ccc(C#N)cc2)NC(=O)N(CC(=O)c2ccccc2)C1=O,,,CHEMBL4402609,J Med Chem,2020,"{'bei': '17.70', 'le': '0.32', 'lle': '3.69', 'sei': '6.54'}",,CHEMBL4588307,,CHEMBL4588307,5.90,0,http://www.openphacts.org/units/Nanomolar,3217863,=,1,1,=,,IC50,nM,,1258.93,CHEMBL3804751,Mycobacterium tuberculosis (strain ATCC 25618 / H37Rv),Decaprenylphosphoryl-beta-D-ribose oxidase,83332,,,pIC50,,UO_0000065,,5.9
,,19270978,[],CHEMBL4406692,Inhibition of Mycobacterium tuberculosis DprE1 expressed in Escherichia coli BL21(DE3) cells,B,,,BAO_0000190,BAO_0000219,cell-based format,CC1(c2ccc(S(N)(=O)=O)cc2)NC(=O)N(CC(=O)c2ccccc2F)C1=O,,,CHEMBL4402609,J Med Chem,2020,"{'bei': '16.53', 'le': '0.33', 'lle': '5.58', 'sei': '5.29'}",,CHEMBL4571645,,CHEMBL4571645,6.70,0,http://www.openphacts.org/units/Nanomolar,3217864,=,1,1,=,,IC50,nM,,199.53,CHEMBL3804751,Mycobacterium tuberculosis (strain ATCC 25618 / H37Rv),Decaprenylphosphoryl-beta-D-ribose oxidase,83332,,,pIC50,,UO_0000065,,6.7
,,19270979,[],CHEMBL4406692,Inhibition of Mycobacterium tuberculosis DprE1 expressed in Escherichia coli BL21(DE3) cells,B,,,BAO_0000190,BAO_0000219,cell-based format,CC1(c2ccc(C#N)cc2)NC(=O)N(CC(=O)c2ccccc2F)C1=O,,,CHEMBL4402609,J Med Chem,2020,"{'bei': '17.36', 'le': '0.32', 'lle': '3.75', 'sei': '6.76'}",,CHEMBL4449605,,CHEMBL4449605,6.10,0,http://www.openphacts.org/units/Nanomolar,3217865,=,1,1,=,,IC50,nM,,794.33,CHEMBL3804751,Mycobacterium tuberculosis (strain ATCC 25618 / H37Rv),Decaprenylphosphoryl-beta-D-ribose oxidase,83332,,,pIC50,,UO_0000065,,6.1
,,19270980,[],CHEMBL4406692,Inhibition of Mycobacterium tuberculosis DprE1 expressed in Escherichia coli BL21(DE3) cells,B,,,BAO_0000190,BAO_0000219,cell-based format,CC1(c2ccc(S(N)(=O)=O)cc2)NC(=O)N(CC(=O)c2cccc(F)c2)C1=O,,,CHEMBL4402609,J Med Chem,2020,"{'bei': '16.77', 'le': '0.33', 'lle': '5.68', 'sei': '5.37'}",,CHEMBL4464865,,CHEMBL4464865,6.80,0,http://www.openphacts.org/units/Nanomolar,3217866,=,1,1,=,,IC50,nM,,158.49,CHEMBL3804751,Mycobacterium tuberculosis (strain ATCC 25618 / H37Rv),Decaprenylphosphoryl-beta-D-ribose oxidase,83332,,,pIC50,,UO_0000065,,6.8
,,19270981,[],CHEMBL4406692,Inhibition of Mycobacterium tuberculosis DprE1 expressed in Escherichia coli BL21(DE3) cells,B,,,BAO_0000190,BAO_0000219,cell-based format,CC1(c2ccc(C#N)cc2)NC(=O)N(CC(=O)c2cccc(F)c2)C1=O,,,CHEMBL4402609,J Med Chem,2020,"{'bei': '17.36', 'le': '0.32', 'lle': '3.75', 'sei': '6.76'}",,CHEMBL4469493,,CHEMBL4469493,6.10,0,http://www.openphacts.org/units/Nanomolar,3217867,=,1,1,=,,IC50,nM,,794.33,CHEMBL3804751,Mycobacterium tuberculosis (strain ATCC 25618 / H37Rv),Decaprenylphosphoryl-beta-D-ribose oxidase,83332,,,pIC50,,UO_0000065,,6.1
,,19270982,[],CHEMBL4406692,Inhibition of Mycobacterium tuberculosis DprE1 expressed in Escherichia coli BL21(DE3) cells,B,,,BAO_0000190,BAO_0000219,cell-based format,CC1(c2ccc(S(N)(=O)=O)cc2)NC(=O)N(CC(=O)c2ccc(F)cc2)C1=O,,,CHEMBL4402609,J Med Chem,2020,"{'bei': '16.77', 'le': '0.33', 'lle': '5.68', 'sei': '5.37'}",,CHEMBL4566455,,CHEMBL4566455,6.80,0,http://www.openphacts.org/units/Nanomolar,3217868,=,1,1,=,,IC50,nM,,158.49,CHEMBL3804751,Mycobacterium tuberculosis (strain ATCC 25618 / H37Rv),Decaprenylphosphoryl-beta-D-ribose oxidase,83332,,,pIC50,,UO_0000065,,6.8
,,19270983,[],CHEMBL4406692,Inhibition of Mycobacterium tuberculosis DprE1 expressed in Escherichia coli BL21(DE3) cells,B,,,BAO_0000190,BAO_0000219,cell-based format,CC1(c2ccc(S(N)(=O)=O)cc2)NC(=O)N(CC(=O)c2ccc(F)c(F)c2)C1=O,,,CHEMBL4402609,J Med Chem,2020,"{'bei': '17.01', 'le': '0.34', 'lle': '5.94', 'sei': '5.69'}",,CHEMBL4593173,,CHEMBL4593173,7.20,0,http://www.openphacts.org/units/Nanomolar,3217869,=,1,1,=,,IC50,nM,,63.1,CHEMBL3804751,Mycobacterium tuberculosis (strain ATCC 25618 / H37Rv),Decaprenylphosphoryl-beta-D-ribose oxidase,83332,,,pIC50,,UO_0000065,,7.2
,,19270984,[],CHEMBL4406692,Inhibition of Mycobacterium tuberculosis DprE1 expressed in Escherichia coli BL21(DE3) cells,B,,,BAO_0000190,BAO_0000219,cell-based format,CC1(c2ccc(S(N)(=O)=O)cc2)NC(=O)N(CC(=O)c2ccc(F)c(Cl)c2)C1=O,,,CHEMBL4402609,J Med Chem,2020,"{'bei': '16.37', 'le': '0.34', 'lle': '5.42', 'sei': '5.69'}",,CHEMBL4441924,,CHEMBL4441924,7.20,0,http://www.openphacts.org/units/Nanomolar,3217870,=,1,1,=,,IC50,nM,,63.1,CHEMBL3804751,Mycobacterium tuberculosis (strain ATCC 25618 / H37Rv),Decaprenylphosphoryl-beta-D-ribose oxidase,83332,,,pIC50,,UO_0000065,,7.2
,,19270985,[],CHEMBL4406692,Inhibition of Mycobacterium tuberculosis DprE1 expressed in Escherichia coli BL21(DE3) cells,B,,,BAO_0000190,BAO_0000219,cell-based format,CC1(c2ccc(S(N)(=O)=O)cc2)NC(=O)N(CC(=O)c2ccc(Cl)cc2Cl)C1=O,,,CHEMBL4402609,J Med Chem,2020,"{'bei': '15.56', 'le': '0.33', 'lle': '4.81', 'sei': '5.61'}",,CHEMBL4460821,,CHEMBL4460821,7.10,0,http://www.openphacts.org/units/Nanomolar,3217871,=,1,1,=,,IC50,nM,,79.43,CHEMBL3804751,Mycobacterium tuberculosis (strain ATCC 25618 / H37Rv),Decaprenylphosphoryl-beta-D-ribose oxidase,83332,,,pIC50,,UO_0000065,,7.1
,,19270986,[],CHEMBL4406692,Inhibition of Mycobacterium tuberculosis DprE1 expressed in Escherichia coli BL21(DE3) cells,B,,,BAO_0000190,BAO_0000219,cell-based format,CC1(c2ccc(S(N)(=O)=O)cc2)NC(=O)N(CC(=O)c2cccc(Br)c2)C1=O,,,CHEMBL4402609,J Med Chem,2020,"{'bei': '15.01', 'le': '0.34', 'lle': '5.25', 'sei': '5.53'}",,CHEMBL4594022,,CHEMBL4594022,7.00,0,http://www.openphacts.org/units/Nanomolar,3217872,=,1,1,=,,IC50,nM,,100.0,CHEMBL3804751,Mycobacterium tuberculosis (strain ATCC 25618 / H37Rv),Decaprenylphosphoryl-beta-D-ribose oxidase,83332,,,pIC50,,UO_0000065,,7.0
,,19270987,[],CHEMBL4406692,Inhibition of Mycobacterium tuberculosis DprE1 expressed in Escherichia coli BL21(DE3) cells,B,,,BAO_0000190,BAO_0000219,cell-based format,CC(C)(C)C(=O)Oc1cc(F)ccc1C(=O)CN1C(=O)NC(C)(c2ccc(C#N)cc2)C1=O,,,CHEMBL4402609,J Med Chem,2020,"{'bei': '11.74', 'le': '0.22', 'lle': '2.00', 'sei': '4.55'}",,CHEMBL4526166,,CHEMBL4526166,5.30,0,http://www.openphacts.org/units/Nanomolar,3217873,=,1,1,=,,IC50,nM,,5011.87,CHEMBL3804751,Mycobacterium tuberculosis (strain ATCC 25618 / H37Rv),Decaprenylphosphoryl-beta-D-ribose oxidase,83332,,,pIC50,,UO_0000065,,5.3
,,19270988,[],CHEMBL4406692,Inhibition of Mycobacterium tuberculosis DprE1 expressed in Escherichia coli BL21(DE3) cells,B,,,BAO_0000190,BAO_0000219,cell-based format,CC1(c2ccc(C#N)cc2)NC(=O)N(CC(=O)c2ccc(F)cc2O)C1=O,,,CHEMBL4402609,J Med Chem,2020,"{'bei': '16.88', 'le': '0.31', 'lle': '4.15', 'sei': '5.61'}",,CHEMBL4542398,,CHEMBL4542398,6.20,0,http://www.openphacts.org/units/Nanomolar,3217874,=,1,1,=,,IC50,nM,,630.96,CHEMBL3804751,Mycobacterium tuberculosis (strain ATCC 25618 / H37Rv),Decaprenylphosphoryl-beta-D-ribose oxidase,83332,,,pIC50,,UO_0000065,,6.2
,,19270989,[],CHEMBL4406692,Inhibition of Mycobacterium tuberculosis DprE1 expressed in Escherichia coli BL21(DE3) cells,B,,,BAO_0000190,BAO_0000219,cell-based format,CC1(c2ccc(S(N)(=O)=O)cc2)NC(=O)N(CC(=O)c2ccc(F)cc2O)C1=O,,,CHEMBL4402609,J Med Chem,2020,"{'bei': '17.09', 'le': '0.34', 'lle': '6.37', 'sei': '4.90'}",,CHEMBL4554896,,CHEMBL4554896,7.20,0,http://www.openphacts.org/units/Nanomolar,3217875,=,1,1,=,,IC50,nM,,63.1,CHEMBL3804751,Mycobacterium tuberculosis (strain ATCC 25618 / H37Rv),Decaprenylphosphoryl-beta-D-ribose oxidase,83332,,,pIC50,,UO_0000065,,7.2
,,19270990,[],CHEMBL4406692,Inhibition of Mycobacterium tuberculosis DprE1 expressed in Escherichia coli BL21(DE3) cells,B,,,BAO_0000190,BAO_0000219,cell-based format,Cc1ccccc1C(=O)CN1C(=O)NC(C)(c2ccc(S(N)(=O)=O)cc2)C1=O,,,CHEMBL4402609,J Med Chem,2020,"{'bei': '17.44', 'le': '0.34', 'lle': '5.71', 'sei': '5.53'}",,CHEMBL4471280,,CHEMBL4471280,7.00,0,http://www.openphacts.org/units/Nanomolar,3217876,=,1,1,=,,IC50,nM,,100.0,CHEMBL3804751,Mycobacterium tuberculosis (strain ATCC 25618 / H37Rv),Decaprenylphosphoryl-beta-D-ribose oxidase,83332,,,pIC50,,UO_0000065,,7.0
,,19270991,[],CHEMBL4406692,Inhibition of Mycobacterium tuberculosis DprE1 expressed in Escherichia coli BL21(DE3) cells,B,,,BAO_0000190,BAO_0000219,cell-based format,Cc1ccccc1C(=O)CN1C(=O)NC(C)(c2ccc(C#N)cc2)C1=O,,,CHEMBL4402609,J Med Chem,2020,"{'bei': '17.56', 'le': '0.32', 'lle': '3.58', 'sei': '6.76'}",,CHEMBL4514109,,CHEMBL4514109,6.10,0,http://www.openphacts.org/units/Nanomolar,3217877,=,1,1,=,,IC50,nM,,794.33,CHEMBL3804751,Mycobacterium tuberculosis (strain ATCC 25618 / H37Rv),Decaprenylphosphoryl-beta-D-ribose oxidase,83332,,,pIC50,,UO_0000065,,6.1
,,19270992,[],CHEMBL4406692,Inhibition of Mycobacterium tuberculosis DprE1 expressed in Escherichia coli BL21(DE3) cells,B,,,BAO_0000190,BAO_0000219,cell-based format,Cc1cccc(C(=O)CN2C(=O)NC(C)(c3ccc(S(N)(=O)=O)cc3)C2=O)c1,,,CHEMBL4402609,J Med Chem,2020,"{'bei': '16.69', 'le': '0.33', 'lle': '5.41', 'sei': '5.29'}",,CHEMBL4454189,,CHEMBL4454189,6.70,0,http://www.openphacts.org/units/Nanomolar,3217878,=,1,1,=,,IC50,nM,,199.53,CHEMBL3804751,Mycobacterium tuberculosis (strain ATCC 25618 / H37Rv),Decaprenylphosphoryl-beta-D-ribose oxidase,83332,,,pIC50,,UO_0000065,,6.7
,,19270993,[],CHEMBL4406692,Inhibition of Mycobacterium tuberculosis DprE1 expressed in Escherichia coli BL21(DE3) cells,B,,,BAO_0000190,BAO_0000219,cell-based format,Cc1cccc(C(=O)CN2C(=O)NC(C)(c3ccc(C#N)cc3)C2=O)c1,,,CHEMBL4402609,J Med Chem,2020,"{'bei': '17.27', 'le': '0.32', 'lle': '3.48', 'sei': '6.65'}",,CHEMBL4550592,,CHEMBL4550592,6.00,0,http://www.openphacts.org/units/Nanomolar,3217879,=,1,1,=,,IC50,nM,,1000.0,CHEMBL3804751,Mycobacterium tuberculosis (strain ATCC 25618 / H37Rv),Decaprenylphosphoryl-beta-D-ribose oxidase,83332,,,pIC50,,UO_0000065,,6.0
,,19270994,[],CHEMBL4406692,Inhibition of Mycobacterium tuberculosis DprE1 expressed in Escherichia coli BL21(DE3) cells,B,,,BAO_0000190,BAO_0000219,cell-based format,Cc1ccc(C(=O)CN2C(=O)NC(C)(c3ccc(S(N)(=O)=O)cc3)C2=O)cc1,,,CHEMBL4402609,J Med Chem,2020,"{'bei': '16.94', 'le': '0.33', 'lle': '5.51', 'sei': '5.37'}",,CHEMBL4467330,,CHEMBL4467330,6.80,0,http://www.openphacts.org/units/Nanomolar,3217880,=,1,1,=,,IC50,nM,,158.49,CHEMBL3804751,Mycobacterium tuberculosis (strain ATCC 25618 / H37Rv),Decaprenylphosphoryl-beta-D-ribose oxidase,83332,,,pIC50,,UO_0000065,,6.8
,,19270995,[],CHEMBL4406692,Inhibition of Mycobacterium tuberculosis DprE1 expressed in Escherichia coli BL21(DE3) cells,B,,,BAO_0000190,BAO_0000219,cell-based format,Cc1ccc(C(=O)CN2C(=O)NC(C)(c3ccc(C#N)cc3)C2=O)cc1,,,CHEMBL4402609,J Med Chem,2020,"{'bei': '16.70', 'le': '0.30', 'lle': '3.28', 'sei': '6.43'}",,CHEMBL4555298,,CHEMBL4555298,5.80,0,http://www.openphacts.org/units/Nanomolar,3217881,=,1,1,=,,IC50,nM,,1584.89,CHEMBL3804751,Mycobacterium tuberculosis (strain ATCC 25618 / H37Rv),Decaprenylphosphoryl-beta-D-ribose oxidase,83332,,,pIC50,,UO_0000065,,5.8
,,19270996,[],CHEMBL4406692,Inhibition of Mycobacterium tuberculosis DprE1 expressed in Escherichia coli BL21(DE3) cells,B,,,BAO_0000190,BAO_0000219,cell-based format,COc1ccccc1C(=O)CN1C(=O)NC(C)(c2ccc(S(N)(=O)=O)cc2)C1=O,,,CHEMBL4402609,J Med Chem,2020,"{'bei': '13.42', 'le': '0.26', 'lle': '4.61', 'sei': '4.12'}",,CHEMBL4466669,,CHEMBL4466669,5.60,0,http://www.openphacts.org/units/Nanomolar,3217882,=,1,1,=,,IC50,nM,,2511.89,CHEMBL3804751,Mycobacterium tuberculosis (strain ATCC 25618 / H37Rv),Decaprenylphosphoryl-beta-D-ribose oxidase,83332,,,pIC50,,UO_0000065,,5.6
,,19270997,[],CHEMBL4406692,Inhibition of Mycobacterium tuberculosis DprE1 expressed in Escherichia coli BL21(DE3) cells,B,,,BAO_0000190,BAO_0000219,cell-based format,COc1cccc(C(=O)CN2C(=O)NC(C)(c3ccc(S(N)(=O)=O)cc3)C2=O)c1,,,CHEMBL4402609,J Med Chem,2020,"{'bei': '16.53', 'le': '0.32', 'lle': '5.91', 'sei': '5.08'}",,CHEMBL4515427,,CHEMBL4515427,6.90,0,http://www.openphacts.org/units/Nanomolar,3217883,=,1,1,=,,IC50,nM,,125.89,CHEMBL3804751,Mycobacterium tuberculosis (strain ATCC 25618 / H37Rv),Decaprenylphosphoryl-beta-D-ribose oxidase,83332,,,pIC50,,UO_0000065,,6.9
,,19270998,[],CHEMBL4406692,Inhibition of Mycobacterium tuberculosis DprE1 expressed in Escherichia coli BL21(DE3) cells,B,,,BAO_0000190,BAO_0000219,cell-based format,COc1ccc(C(=O)CN2C(=O)NC(C)(c3ccc(S(N)(=O)=O)cc3)C2=O)cc1,,,CHEMBL4402609,J Med Chem,2020,"{'bei': '15.57', 'le': '0.31', 'lle': '5.51', 'sei': '4.78'}",,CHEMBL4471399,,CHEMBL4471399,6.50,0,http://www.openphacts.org/units/Nanomolar,3217884,=,1,1,=,,IC50,nM,,316.23,CHEMBL3804751,Mycobacterium tuberculosis (strain ATCC 25618 / H37Rv),Decaprenylphosphoryl-beta-D-ribose oxidase,83332,,,pIC50,,UO_0000065,,6.5
,,19270999,[],CHEMBL4406692,Inhibition of Mycobacterium tuberculosis DprE1 expressed in Escherichia coli BL21(DE3) cells,B,,,BAO_0000190,BAO_0000219,cell-based format,CC1(c2ccc(S(N)(=O)=O)cc2)NC(=O)N(CC(=O)c2ccccc2C(F)(F)F)C1=O,,,CHEMBL4402609,J Med Chem,2020,"{'bei': '15.37', 'le': '0.31', 'lle': '5.00', 'sei': '5.53'}",,CHEMBL4443878,,CHEMBL4443878,7.00,0,http://www.openphacts.org/units/Nanomolar,3217885,=,1,1,=,,IC50,nM,,100.0,CHEMBL3804751,Mycobacterium tuberculosis (strain ATCC 25618 / H37Rv),Decaprenylphosphoryl-beta-D-ribose oxidase,83332,,,pIC50,,UO_0000065,,7.0
,,19271000,[],CHEMBL4406692,Inhibition of Mycobacterium tuberculosis DprE1 expressed in Escherichia coli BL21(DE3) cells,B,,,BAO_0000190,BAO_0000219,cell-based format,CC1(c2ccc(S(N)(=O)=O)cc2)NC(=O)N(CC(=O)c2cccc(C(F)(F)F)c2)C1=O,,,CHEMBL4402609,J Med Chem,2020,"{'bei': '15.59', 'le': '0.31', 'lle': '5.10', 'sei': '5.61'}",,CHEMBL4438645,,CHEMBL4438645,7.10,0,http://www.openphacts.org/units/Nanomolar,3217886,=,1,1,=,,IC50,nM,,79.43,CHEMBL3804751,Mycobacterium tuberculosis (strain ATCC 25618 / H37Rv),Decaprenylphosphoryl-beta-D-ribose oxidase,83332,,,pIC50,,UO_0000065,,7.1
,,19271001,[],CHEMBL4406692,Inhibition of Mycobacterium tuberculosis DprE1 expressed in Escherichia coli BL21(DE3) cells,B,,,BAO_0000190,BAO_0000219,cell-based format,CC1(c2ccc(S(N)(=O)=O)cc2)NC(=O)N(CC(=O)c2ccc(C(F)(F)F)cc2)C1=O,,,CHEMBL4402609,J Med Chem,2020,"{'bei': '13.17', 'le': '0.26', 'lle': '4.00', 'sei': '4.74'}",,CHEMBL4462626,,CHEMBL4462626,6.00,0,http://www.openphacts.org/units/Nanomolar,3217887,=,1,1,=,,IC50,nM,,1000.0,CHEMBL3804751,Mycobacterium tuberculosis (strain ATCC 25618 / H37Rv),Decaprenylphosphoryl-beta-D-ribose oxidase,83332,,,pIC50,,UO_0000065,,6.0
,,19271002,[],CHEMBL4406692,Inhibition of Mycobacterium tuberculosis DprE1 expressed in Escherichia coli BL21(DE3) cells,B,,,BAO_0000190,BAO_0000219,cell-based format,CC1(c2ccc(S(N)(=O)=O)cc2)NC(=O)N(CC(=O)c2cccc(C#N)c2)C1=O,,,CHEMBL4402609,J Med Chem,2020,"{'bei': '14.31', 'le': '0.28', 'lle': '5.04', 'sei': '3.92'}",,CHEMBL4472889,,CHEMBL4472889,5.90,0,http://www.openphacts.org/units/Nanomolar,3217888,=,1,1,=,,IC50,nM,,1258.93,CHEMBL3804751,Mycobacterium tuberculosis (strain ATCC 25618 / H37Rv),Decaprenylphosphoryl-beta-D-ribose oxidase,83332,,,pIC50,,UO_0000065,,5.9
,,19271003,[],CHEMBL4406692,Inhibition of Mycobacterium tuberculosis DprE1 expressed in Escherichia coli BL21(DE3) cells,B,,,BAO_0000190,BAO_0000219,cell-based format,CC1(c2ccc(S(N)(=O)=O)cc2)NC(=O)N(CC(=O)c2ccc(C#N)cc2)C1=O,,,CHEMBL4402609,J Med Chem,2020,"{'bei': '12.85', 'le': '0.25', 'lle': '4.44', 'sei': '3.52'}",,CHEMBL4591688,,CHEMBL4591688,5.30,0,http://www.openphacts.org/units/Nanomolar,3217889,=,1,1,=,,IC50,nM,,5011.87,CHEMBL3804751,Mycobacterium tuberculosis (strain ATCC 25618 / H37Rv),Decaprenylphosphoryl-beta-D-ribose oxidase,83332,,,pIC50,,UO_0000065,,5.3
,,19271004,[],CHEMBL4406692,Inhibition of Mycobacterium tuberculosis DprE1 expressed in Escherichia coli BL21(DE3) cells,B,,,BAO_0000190,BAO_0000219,cell-based format,CC1(c2ccc(S(N)(=O)=O)cc2)NC(=O)N(CC(=O)c2cccc([N+](=O)[O-])c2)C1=O,,,CHEMBL4402609,J Med Chem,2020,"{'bei': '14.34', 'le': '0.28', 'lle': '5.31', 'sei': '3.65'}",,CHEMBL4519851,,CHEMBL4519851,6.20,0,http://www.openphacts.org/units/Nanomolar,3217890,=,1,1,=,,IC50,nM,,630.96,CHEMBL3804751,Mycobacterium tuberculosis (strain ATCC 25618 / H37Rv),Decaprenylphosphoryl-beta-D-ribose oxidase,83332,,,pIC50,,UO_0000065,,6.2
,,19271005,[],CHEMBL4406692,Inhibition of Mycobacterium tuberculosis DprE1 expressed in Escherichia coli BL21(DE3) cells,B,,,BAO_0000190,BAO_0000219,cell-based format,CC1(c2ccc(S(N)(=O)=O)cc2)NC(=O)N(CC(=O)c2cccc(OC(F)(F)F)c2)C1=O,,,CHEMBL4402609,J Med Chem,2020,"{'bei': '15.06', 'le': '0.30', 'lle': '5.22', 'sei': '5.23'}",,CHEMBL4468599,,CHEMBL4468599,7.10,0,http://www.openphacts.org/units/Nanomolar,3217891,=,1,1,=,,IC50,nM,,79.43,CHEMBL3804751,Mycobacterium tuberculosis (strain ATCC 25618 / H37Rv),Decaprenylphosphoryl-beta-D-ribose oxidase,83332,,,pIC50,,UO_0000065,,7.1
,,19271006,[],CHEMBL4406692,Inhibition of Mycobacterium tuberculosis DprE1 expressed in Escherichia coli BL21(DE3) cells,B,,,BAO_0000190,BAO_0000219,cell-based format,CC1(c2ccc(C#N)cc2)NC(=O)N(CC(=O)c2cccc(OC(F)(F)F)c2)C1=O,,,CHEMBL4402609,J Med Chem,2020,"{'bei': '14.86', 'le': '0.28', 'lle': '3.09', 'sei': '6.23'}",,CHEMBL4552550,,CHEMBL4552550,6.20,0,http://www.openphacts.org/units/Nanomolar,3217892,=,1,1,=,,IC50,nM,,630.96,CHEMBL3804751,Mycobacterium tuberculosis (strain ATCC 25618 / H37Rv),Decaprenylphosphoryl-beta-D-ribose oxidase,83332,,,pIC50,,UO_0000065,,6.2
,,19271007,[],CHEMBL4406692,Inhibition of Mycobacterium tuberculosis DprE1 expressed in Escherichia coli BL21(DE3) cells,B,,,BAO_0000190,BAO_0000219,cell-based format,CC1(c2ccc(S(N)(=O)=O)cc2)NC(=O)N(CC(=O)c2ccc(F)c(C(F)(F)F)c2)C1=O,,,CHEMBL4402609,J Med Chem,2020,"{'bei': '15.21', 'le': '0.31', 'lle': '5.06', 'sei': '5.69'}",,CHEMBL4557069,,CHEMBL4557069,7.20,0,http://www.openphacts.org/units/Nanomolar,3217893,=,1,1,=,,IC50,nM,,63.1,CHEMBL3804751,Mycobacterium tuberculosis (strain ATCC 25618 / H37Rv),Decaprenylphosphoryl-beta-D-ribose oxidase,83332,,,pIC50,,UO_0000065,,7.2
,,19271008,[],CHEMBL4406692,Inhibition of Mycobacterium tuberculosis DprE1 expressed in Escherichia coli BL21(DE3) cells,B,,,BAO_0000190,BAO_0000219,cell-based format,CC1(c2ccc(C#N)cc2)NC(=O)N(CC(=O)c2ccc(F)c(C(F)(F)F)c2)C1=O,,,CHEMBL4402609,J Med Chem,2020,"{'bei': '15.26', 'le': '0.29', 'lle': '3.03', 'sei': '7.09'}",,CHEMBL4459122,,CHEMBL4459122,6.40,0,http://www.openphacts.org/units/Nanomolar,3217894,=,1,1,=,,IC50,nM,,398.11,CHEMBL3804751,Mycobacterium tuberculosis (strain ATCC 25618 / H37Rv),Decaprenylphosphoryl-beta-D-ribose oxidase,83332,,,pIC50,,UO_0000065,,6.4
,,19271009,[],CHEMBL4406692,Inhibition of Mycobacterium tuberculosis DprE1 expressed in Escherichia coli BL21(DE3) cells,B,,,BAO_0000190,BAO_0000219,cell-based format,CC1(c2ccc(S(N)(=O)=O)cc2)NC(=O)N(CC(=O)c2cc(C(F)(F)F)cc(C(F)(F)F)c2)C1=O,,,CHEMBL4402609,J Med Chem,2020,"{'bei': '9.74', 'le': '0.20', 'lle': '2.08', 'sei': '4.03'}",,CHEMBL4593556,,CHEMBL4593556,5.10,0,http://www.openphacts.org/units/Nanomolar,3217895,=,1,1,=,,IC50,nM,,7943.28,CHEMBL3804751,Mycobacterium tuberculosis (strain ATCC 25618 / H37Rv),Decaprenylphosphoryl-beta-D-ribose oxidase,83332,,,pIC50,,UO_0000065,,5.1
,,19271010,[],CHEMBL4406692,Inhibition of Mycobacterium tuberculosis DprE1 expressed in Escherichia coli BL21(DE3) cells,B,,,BAO_0000190,BAO_0000219,cell-based format,CC(=O)CN1C(=O)NC(C)(c2ccc(S(N)(=O)=O)cc2)C1=O,,,CHEMBL4402609,J Med Chem,2020,"{'bei': '12.29', 'le': '0.25', 'lle': '4.31', 'sei': '3.16'}",,CHEMBL4442256,,CHEMBL4442256,4.00,0,http://www.openphacts.org/units/Nanomolar,3217896,=,1,1,=,,IC50,nM,,100000.0,CHEMBL3804751,Mycobacterium tuberculosis (strain ATCC 25618 / H37Rv),Decaprenylphosphoryl-beta-D-ribose oxidase,83332,,,pIC50,,UO_0000065,,4.0
,,19271011,[],CHEMBL4406692,Inhibition of Mycobacterium tuberculosis DprE1 expressed in Escherichia coli BL21(DE3) cells,B,,,BAO_0000190,BAO_0000219,cell-based format,CC1(c2ccc(S(N)(=O)=O)cc2)NC(=O)N(CC(=O)C2CC2)C1=O,,,CHEMBL4402609,J Med Chem,2020,"{'bei': '12.81', 'le': '0.26', 'lle': '4.42', 'sei': '3.55'}",,CHEMBL4460878,,CHEMBL4460878,4.50,0,http://www.openphacts.org/units/Nanomolar,3217897,=,1,1,=,,IC50,nM,,31622.78,CHEMBL3804751,Mycobacterium tuberculosis (strain ATCC 25618 / H37Rv),Decaprenylphosphoryl-beta-D-ribose oxidase,83332,,,pIC50,,UO_0000065,,4.5
,,19271012,[],CHEMBL4406692,Inhibition of Mycobacterium tuberculosis DprE1 expressed in Escherichia coli BL21(DE3) cells,B,,,BAO_0000190,BAO_0000219,cell-based format,CC1(c2ccc(S(N)(=O)=O)cc2)NC(=O)N(CC(=O)C2CCCCC2)C1=O,,,CHEMBL4402609,J Med Chem,2020,"{'bei': '17.03', 'le': '0.34', 'lle': '5.45', 'sei': '5.29'}",,CHEMBL4590127,,CHEMBL4590127,6.70,0,http://www.openphacts.org/units/Nanomolar,3217898,=,1,1,=,,IC50,nM,,199.53,CHEMBL3804751,Mycobacterium tuberculosis (strain ATCC 25618 / H37Rv),Decaprenylphosphoryl-beta-D-ribose oxidase,83332,,,pIC50,,UO_0000065,,6.7
,,19271013,[],CHEMBL4406692,Inhibition of Mycobacterium tuberculosis DprE1 expressed in Escherichia coli BL21(DE3) cells,B,,,BAO_0000190,BAO_0000219,cell-based format,CC1(c2ccc(S(N)(=O)=O)cc2)NC(=O)N(CC(=O)C23CC4CC(CC(C4)C2)C3)C1=O,,,CHEMBL4402609,J Med Chem,2020,"{'bei': '13.24', 'le': '0.26', 'lle': '4.01', 'sei': '4.66'}",,CHEMBL4441291,,CHEMBL4441291,5.90,0,http://www.openphacts.org/units/Nanomolar,3217899,=,1,1,=,,IC50,nM,,1258.93,CHEMBL3804751,Mycobacterium tuberculosis (strain ATCC 25618 / H37Rv),Decaprenylphosphoryl-beta-D-ribose oxidase,83332,,,pIC50,,UO_0000065,,5.9
,,19271014,[],CHEMBL4406692,Inhibition of Mycobacterium tuberculosis DprE1 expressed in Escherichia coli BL21(DE3) cells,B,,,BAO_0000190,BAO_0000219,cell-based format,CC1(c2ccc(S(N)(=O)=O)cc2)NC(=O)N(CC(=O)c2ccccn2)C1=O,,,CHEMBL4402609,J Med Chem,2020,"{'bei': '16.22', 'le': '0.32', 'lle': '5.92', 'sei': '4.52'}",,CHEMBL4476058,,CHEMBL4476058,6.30,0,http://www.openphacts.org/units/Nanomolar,3217900,=,1,1,=,,IC50,nM,,501.19,CHEMBL3804751,Mycobacterium tuberculosis (strain ATCC 25618 / H37Rv),Decaprenylphosphoryl-beta-D-ribose oxidase,83332,,,pIC50,,UO_0000065,,6.3
,,19271015,[],CHEMBL4406692,Inhibition of Mycobacterium tuberculosis DprE1 expressed in Escherichia coli BL21(DE3) cells,B,,,BAO_0000190,BAO_0000219,cell-based format,CC1(c2ccc(C#N)cc2)NC(=O)N(CC(=O)c2ccccn2)C1=O,,,CHEMBL4402609,J Med Chem,2020,"{'bei': '16.45', 'le': '0.30', 'lle': '3.90', 'sei': '5.33'}",,CHEMBL4529835,,CHEMBL4529835,5.50,0,http://www.openphacts.org/units/Nanomolar,3217901,=,1,1,=,,IC50,nM,,3162.28,CHEMBL3804751,Mycobacterium tuberculosis (strain ATCC 25618 / H37Rv),Decaprenylphosphoryl-beta-D-ribose oxidase,83332,,,pIC50,,UO_0000065,,5.5
,,19271016,[],CHEMBL4406692,Inhibition of Mycobacterium tuberculosis DprE1 expressed in Escherichia coli BL21(DE3) cells,B,,,BAO_0000190,BAO_0000219,cell-based format,CC1(c2ccc(S(N)(=O)=O)cc2)NC(=O)N(CC(=O)c2cccnc2)C1=O,,,CHEMBL4402609,J Med Chem,2020,"{'bei': '14.16', 'le': '0.28', 'lle': '5.12', 'sei': '3.94'}",,CHEMBL4455545,,CHEMBL4455545,5.50,0,http://www.openphacts.org/units/Nanomolar,3217902,=,1,1,=,,IC50,nM,,3162.28,CHEMBL3804751,Mycobacterium tuberculosis (strain ATCC 25618 / H37Rv),Decaprenylphosphoryl-beta-D-ribose oxidase,83332,,,pIC50,,UO_0000065,,5.5
,,19271017,[],CHEMBL4406692,Inhibition of Mycobacterium tuberculosis DprE1 expressed in Escherichia coli BL21(DE3) cells,B,,,BAO_0000190,BAO_0000219,cell-based format,CC1(c2ccc(C#N)cc2)NC(=O)N(CC(=O)c2cccnc2)C1=O,,,CHEMBL4402609,J Med Chem,2020,"{'bei': '13.76', 'le': '0.25', 'lle': '3.00', 'sei': '4.46'}",,CHEMBL4563250,,CHEMBL4563250,4.60,0,http://www.openphacts.org/units/Nanomolar,3217903,=,1,1,=,,IC50,nM,,25118.86,CHEMBL3804751,Mycobacterium tuberculosis (strain ATCC 25618 / H37Rv),Decaprenylphosphoryl-beta-D-ribose oxidase,83332,,,pIC50,,UO_0000065,,4.6
,,19271018,[],CHEMBL4406692,Inhibition of Mycobacterium tuberculosis DprE1 expressed in Escherichia coli BL21(DE3) cells,B,,,BAO_0000190,BAO_0000219,cell-based format,CC1(c2ccc(S(N)(=O)=O)cc2)NC(=O)N(CC(=O)c2ccncc2)C1=O,,,CHEMBL4402609,J Med Chem,2020,"{'bei': '14.42', 'le': '0.28', 'lle': '5.22', 'sei': '4.01'}",,CHEMBL4457499,,CHEMBL4457499,5.60,0,http://www.openphacts.org/units/Nanomolar,3217904,=,1,1,=,,IC50,nM,,2511.89,CHEMBL3804751,Mycobacterium tuberculosis (strain ATCC 25618 / H37Rv),Decaprenylphosphoryl-beta-D-ribose oxidase,83332,,,pIC50,,UO_0000065,,5.6
,,19271019,[],CHEMBL4406692,Inhibition of Mycobacterium tuberculosis DprE1 expressed in Escherichia coli BL21(DE3) cells,B,,,BAO_0000190,BAO_0000219,cell-based format,CC1(c2ccc(C#N)cc2)NC(=O)N(CC(=O)c2ccncc2)C1=O,,,CHEMBL4402609,J Med Chem,2020,"{'bei': '13.76', 'le': '0.25', 'lle': '3.00', 'sei': '4.46'}",,CHEMBL4551889,,CHEMBL4551889,4.60,0,http://www.openphacts.org/units/Nanomolar,3217905,=,1,1,=,,IC50,nM,,25118.86,CHEMBL3804751,Mycobacterium tuberculosis (strain ATCC 25618 / H37Rv),Decaprenylphosphoryl-beta-D-ribose oxidase,83332,,,pIC50,,UO_0000065,,4.6
,,19271020,[],CHEMBL4406692,Inhibition of Mycobacterium tuberculosis DprE1 expressed in Escherichia coli BL21(DE3) cells,B,,,BAO_0000190,BAO_0000219,cell-based format,CC1(c2ccc(S(N)(=O)=O)cc2)NC(=O)N(CC(=O)c2ncc(F)cc2F)C1=O,,,CHEMBL4402609,J Med Chem,2020,"{'bei': '16.73', 'le': '0.33', 'lle': '6.44', 'sei': '5.09'}",,CHEMBL4452592,,CHEMBL4452592,7.10,0,http://www.openphacts.org/units/Nanomolar,3217906,=,1,1,=,,IC50,nM,,79.43,CHEMBL3804751,Mycobacterium tuberculosis (strain ATCC 25618 / H37Rv),Decaprenylphosphoryl-beta-D-ribose oxidase,83332,,,pIC50,,UO_0000065,,7.1
,,19271021,[],CHEMBL4406692,Inhibition of Mycobacterium tuberculosis DprE1 expressed in Escherichia coli BL21(DE3) cells,B,,,BAO_0000190,BAO_0000219,cell-based format,CC1(c2ccc(S(N)(=O)=O)cc2)NC(=O)N(CC(=O)c2cccs2)C1=O,,,CHEMBL4402609,J Med Chem,2020,"{'bei': '17.03', 'le': '0.35', 'lle': '5.65', 'sei': '5.29'}",,CHEMBL4552639,,CHEMBL4552639,6.70,0,http://www.openphacts.org/units/Nanomolar,3217907,=,1,1,=,,IC50,nM,,199.53,CHEMBL3804751,Mycobacterium tuberculosis (strain ATCC 25618 / H37Rv),Decaprenylphosphoryl-beta-D-ribose oxidase,83332,,,pIC50,,UO_0000065,,6.7
,,19271022,[],CHEMBL4406692,Inhibition of Mycobacterium tuberculosis DprE1 expressed in Escherichia coli BL21(DE3) cells,B,,,BAO_0000190,BAO_0000219,cell-based format,CC1(c2ccc(S(N)(=O)=O)cc2)NC(=O)N(CC(=O)c2ccc(Cl)s2)C1=O,,,CHEMBL4402609,J Med Chem,2020,"{'bei': '16.36', 'le': '0.35', 'lle': '5.30', 'sei': '5.53'}",,CHEMBL4459602,,CHEMBL4459602,7.00,0,http://www.openphacts.org/units/Nanomolar,3217908,=,1,1,=,,IC50,nM,,100.0,CHEMBL3804751,Mycobacterium tuberculosis (strain ATCC 25618 / H37Rv),Decaprenylphosphoryl-beta-D-ribose oxidase,83332,,,pIC50,,UO_0000065,,7.0
,,19271023,[],CHEMBL4406692,Inhibition of Mycobacterium tuberculosis DprE1 expressed in Escherichia coli BL21(DE3) cells,B,,,BAO_0000190,BAO_0000219,cell-based format,CC1(c2ccc(C#N)cc2)NC(=O)N(CC(=O)c2ccc(Cl)s2)C1=O,,,CHEMBL4402609,J Med Chem,2020,"{'bei': '16.85', 'le': '0.34', 'lle': '3.38', 'sei': '6.98'}",,CHEMBL4438483,,CHEMBL4438483,6.30,0,http://www.openphacts.org/units/Nanomolar,3217909,=,1,1,=,,IC50,nM,,501.19,CHEMBL3804751,Mycobacterium tuberculosis (strain ATCC 25618 / H37Rv),Decaprenylphosphoryl-beta-D-ribose oxidase,83332,,,pIC50,,UO_0000065,,6.3
,,19271024,[],CHEMBL4406692,Inhibition of Mycobacterium tuberculosis DprE1 expressed in Escherichia coli BL21(DE3) cells,B,,,BAO_0000190,BAO_0000219,cell-based format,CC1(c2ccc(S(N)(=O)=O)cc2)NC(=O)N(CC(=O)c2nccs2)C1=O,,,CHEMBL4402609,J Med Chem,2020,"{'bei': '15.72', 'le': '0.33', 'lle': '5.76', 'sei': '4.44'}",,CHEMBL4462807,,CHEMBL4462807,6.20,0,http://www.openphacts.org/units/Nanomolar,3217910,=,1,1,=,,IC50,nM,,630.96,CHEMBL3804751,Mycobacterium tuberculosis (strain ATCC 25618 / H37Rv),Decaprenylphosphoryl-beta-D-ribose oxidase,83332,,,pIC50,,UO_0000065,,6.2
,,19271025,[],CHEMBL4406692,Inhibition of Mycobacterium tuberculosis DprE1 expressed in Escherichia coli BL21(DE3) cells,B,,,BAO_0000190,BAO_0000219,cell-based format,CC1(c2ccc(S(N)(=O)=O)cc2)NC(=O)N(CC(=O)c2nc3ccccc3s2)C1=O,,,CHEMBL4402609,J Med Chem,2020,"{'bei': '15.07', 'le': '0.31', 'lle': '5.11', 'sei': '4.80'}",,CHEMBL4453781,,CHEMBL4453781,6.70,0,http://www.openphacts.org/units/Nanomolar,3217911,=,1,1,=,,IC50,nM,,199.53,CHEMBL3804751,Mycobacterium tuberculosis (strain ATCC 25618 / H37Rv),Decaprenylphosphoryl-beta-D-ribose oxidase,83332,,,pIC50,,UO_0000065,,6.7
,,19271026,[],CHEMBL4406692,Inhibition of Mycobacterium tuberculosis DprE1 expressed in Escherichia coli BL21(DE3) cells,B,,,BAO_0000190,BAO_0000219,cell-based format,CC1(c2ccc(S(N)(=O)=O)cc2)NC(=O)N(CC(=O)c2ccc3ccccc3c2)C1=O,,,CHEMBL4402609,J Med Chem,2020,"{'bei': '14.40', 'le': '0.28', 'lle': '4.16', 'sei': '4.97'}",,CHEMBL4444064,,CHEMBL4444064,6.30,0,http://www.openphacts.org/units/Nanomolar,3217912,=,1,1,=,,IC50,nM,,501.19,CHEMBL3804751,Mycobacterium tuberculosis (strain ATCC 25618 / H37Rv),Decaprenylphosphoryl-beta-D-ribose oxidase,83332,,,pIC50,,UO_0000065,,6.3
,,19271027,[],CHEMBL4406692,Inhibition of Mycobacterium tuberculosis DprE1 expressed in Escherichia coli BL21(DE3) cells,B,,,BAO_0000190,BAO_0000219,cell-based format,C[C@]1(c2ccc(S(N)(=O)=O)cc2)NC(=O)N(CC(=O)c2ccc(F)cc2F)C1=O,,,CHEMBL4402609,J Med Chem,2020,"{'bei': '17.71', 'le': '0.35', 'lle': '6.24', 'sei': '5.92'}",,CHEMBL4439876,,CHEMBL4439876,7.50,0,http://www.openphacts.org/units/Nanomolar,3217913,=,1,1,=,,IC50,nM,,31.62,CHEMBL3804751,Mycobacterium tuberculosis (strain ATCC 25618 / H37Rv),Decaprenylphosphoryl-beta-D-ribose oxidase,83332,,,pIC50,,UO_0000065,,7.5
,,19271028,[],CHEMBL4406692,Inhibition of Mycobacterium tuberculosis DprE1 expressed in Escherichia coli BL21(DE3) cells,B,,,BAO_0000190,BAO_0000219,cell-based format,C[C@@]1(c2ccc(S(N)(=O)=O)cc2)NC(=O)N(CC(=O)c2ccc(F)cc2F)C1=O,,,CHEMBL4402609,J Med Chem,2020,"{'bei': '12.05', 'le': '0.24', 'lle': '3.84', 'sei': '4.03'}",,CHEMBL4448846,,CHEMBL4448846,5.10,0,http://www.openphacts.org/units/Nanomolar,3217914,=,1,1,=,,IC50,nM,,7943.28,CHEMBL3804751,Mycobacterium tuberculosis (strain ATCC 25618 / H37Rv),Decaprenylphosphoryl-beta-D-ribose oxidase,83332,,,pIC50,,UO_0000065,,5.1
,,22422273,"[{'comments': None, 'relation': '=', 'result_flag': 0, 'standard_relation': '=', 'standard_text_value': None, 'standard_type': 'TIME', 'standard_units': 'hr', 'standard_value': '24.0', 'text_value': None, 'type': 'Time', 'units': 'hrs', 'value': '24.0'}]",CHEMBL4673793,Inhibition of reactivation of Mycobacterium tuberculosis H37Rv DprE1 at 100 times of MIC incubated for 24 hrs by [14C]-acetate radioligand based thin layer chromatography,B,,,BAO_0000201,BAO_0000357,single protein format,O=C(NCc1ccc(N2CCC(c3ccc(OC(F)(F)F)cc3)CC2)cc1)c1nc2cc(C(F)(F)F)cc([N+](=O)[O-])c2s1,,,CHEMBL4673200,RSC Med Chem,2021,,,CHEMBL4758001,,CHEMBL4758001,,0,http://qudt.org/vocab/unit#Percent,3513824,,1,0,,Not active,Inhibition,%,,,CHEMBL3804751,Mycobacterium tuberculosis (strain ATCC 25618 / H37Rv),Decaprenylphosphoryl-beta-D-ribose oxidase,83332,Not Active,,INH,,UO_0000187,,
,,22422274,"[{'comments': None, 'relation': '=', 'result_flag': 0, 'standard_relation': '=', 'standard_text_value': None, 'standard_type': 'TIME', 'standard_units': 'hr', 'standard_value': '24.0', 'text_value': None, 'type': 'Time', 'units': 'hrs', 'value': '24.0'}]",CHEMBL4673793,Inhibition of reactivation of Mycobacterium tuberculosis H37Rv DprE1 at 100 times of MIC incubated for 24 hrs by [14C]-acetate radioligand based thin layer chromatography,B,,,BAO_0000201,BAO_0000357,single protein format,COc1ccc(CNC(=O)c2nc3cc(C(F)(F)F)cc([N+](=O)[O-])c3s2)cc1,,,CHEMBL4673200,RSC Med Chem,2021,,,CHEMBL4752738,,CHEMBL4752738,,0,http://qudt.org/vocab/unit#Percent,3513823,,1,0,,Not active,Inhibition,%,,,CHEMBL3804751,Mycobacterium tuberculosis (strain ATCC 25618 / H37Rv),Decaprenylphosphoryl-beta-D-ribose oxidase,83332,Not Active,,INH,,UO_0000187,,
"{'action_type': 'INHIBITOR', 'description': 'Negatively effects (inhibits) the normal functioning of the protein e.g., prevention of enzymatic reaction or activation of downstream pathway', 'parent_type': 'NEGATIVE MODULATOR'}",,22422275,"[{'comments': None, 'relation': '=', 'result_flag': 0, 'standard_relation': '=', 'standard_text_value': None, 'standard_type': 'TIME', 'standard_units': 'hr', 'standard_value': '24.0', 'text_value': None, 'type': 'Time', 'units': 'hrs', 'value': '24.0'}]",CHEMBL4673794,Inhibition of Mycobacterium tuberculosis H37Rv DprE1 at 100 times of MIC incubated for 24 hrs by [14C]-acetate radioligand based thin layer chromatography,B,,,BAO_0000201,BAO_0000357,single protein format,O=c1nc(N2CCN(CC3CCCCC3)CC2)sc2c([N+](=O)[O-])cc(C(F)(F)F)cc12,,,CHEMBL4673200,RSC Med Chem,2021,,,CHEMBL3330226,MACOZINONE,CHEMBL3330226,,0,http://qudt.org/vocab/unit#Percent,3513806,,1,0,,Active,Inhibition,%,,,CHEMBL3804751,Mycobacterium tuberculosis (strain ATCC 25618 / H37Rv),Decaprenylphosphoryl-beta-D-ribose oxidase,83332,Active,,INH,,UO_0000187,,
"{'action_type': 'INHIBITOR', 'description': 'Negatively effects (inhibits) the normal functioning of the protein e.g., prevention of enzymatic reaction or activation of downstream pathway', 'parent_type': 'NEGATIVE MODULATOR'}",,22422276,"[{'comments': None, 'relation': '=', 'result_flag': 0, 'standard_relation': '=', 'standard_text_value': None, 'standard_type': 'TIME', 'standard_units': 'hr', 'standard_value': '24.0', 'text_value': None, 'type': 'Time', 'units': 'hrs', 'value': '24.0'}]",CHEMBL4673794,Inhibition of Mycobacterium tuberculosis H37Rv DprE1 at 100 times of MIC incubated for 24 hrs by [14C]-acetate radioligand based thin layer chromatography,B,,,BAO_0000201,BAO_0000357,single protein format,C[C@H]1COC2(CCN(C(=O)c3sc4c([N+](=O)[O-])cc(C(F)(F)F)cc4[n+]3[O-])CC2)O1,,,CHEMBL4673200,RSC Med Chem,2021,,,CHEMBL4745608,,CHEMBL4745608,,0,http://qudt.org/vocab/unit#Percent,3513805,,1,0,,Active,Inhibition,%,,,CHEMBL3804751,Mycobacterium tuberculosis (strain ATCC 25618 / H37Rv),Decaprenylphosphoryl-beta-D-ribose oxidase,83332,Active,,INH,,UO_0000187,,
"{'action_type': 'INHIBITOR', 'description': 'Negatively effects (inhibits) the normal functioning of the protein e.g., prevention of enzymatic reaction or activation of downstream pathway', 'parent_type': 'NEGATIVE MODULATOR'}",,22422277,"[{'comments': None, 'relation': '=', 'result_flag': 0, 'standard_relation': '=', 'standard_text_value': None, 'standard_type': 'TIME', 'standard_units': 'hr', 'standard_value': '24.0', 'text_value': None, 'type': 'Time', 'units': 'hrs', 'value': '24.0'}]",CHEMBL4673794,Inhibition of Mycobacterium tuberculosis H37Rv DprE1 at 100 times of MIC incubated for 24 hrs by [14C]-acetate radioligand based thin layer chromatography,B,,,BAO_0000201,BAO_0000357,single protein format,C[C@H]1COC2(CCN(c3nc(=O)c4cc(C(F)(F)F)cc([N+](=O)[O-])c4s3)CC2)O1,,,CHEMBL4673200,RSC Med Chem,2021,,,CHEMBL1822872,BTZ-043,CHEMBL1822872,,0,http://qudt.org/vocab/unit#Percent,3513826,,1,0,,Active,Inhibition,%,,,CHEMBL3804751,Mycobacterium tuberculosis (strain ATCC 25618 / H37Rv),Decaprenylphosphoryl-beta-D-ribose oxidase,83332,Active,,INH,,UO_0000187,,
"{'action_type': 'INHIBITOR', 'description': 'Negatively effects (inhibits) the normal functioning of the protein e.g., prevention of enzymatic reaction or activation of downstream pathway', 'parent_type': 'NEGATIVE MODULATOR'}",,22422278,"[{'comments': None, 'relation': '=', 'result_flag': 0, 'standard_relation': '=', 'standard_text_value': None, 'standard_type': 'TIME', 'standard_units': 'hr', 'standard_value': '24.0', 'text_value': None, 'type': 'Time', 'units': 'hrs', 'value': '24.0'}]",CHEMBL4673794,Inhibition of Mycobacterium tuberculosis H37Rv DprE1 at 100 times of MIC incubated for 24 hrs by [14C]-acetate radioligand based thin layer chromatography,B,,,BAO_0000201,BAO_0000357,single protein format,O=C(NCc1ccc(N2CCC(c3ccc(OC(F)(F)F)cc3)CC2)cc1)c1nc2cc(C(F)(F)F)cc([N+](=O)[O-])c2s1,,,CHEMBL4673200,RSC Med Chem,2021,,,CHEMBL4758001,,CHEMBL4758001,,0,http://qudt.org/vocab/unit#Percent,3513824,,1,0,,Active,Inhibition,%,,,CHEMBL3804751,Mycobacterium tuberculosis (strain ATCC 25618 / H37Rv),Decaprenylphosphoryl-beta-D-ribose oxidase,83332,Active,,INH,,UO_0000187,,
"{'action_type': 'INHIBITOR', 'description': 'Negatively effects (inhibits) the normal functioning of the protein e.g., prevention of enzymatic reaction or activation of downstream pathway', 'parent_type': 'NEGATIVE MODULATOR'}",,22422279,"[{'comments': None, 'relation': '=', 'result_flag': 0, 'standard_relation': '=', 'standard_text_value': None, 'standard_type': 'TIME', 'standard_units': 'hr', 'standard_value': '24.0', 'text_value': None, 'type': 'Time', 'units': 'hrs', 'value': '24.0'}]",CHEMBL4673794,Inhibition of Mycobacterium tuberculosis H37Rv DprE1 at 100 times of MIC incubated for 24 hrs by [14C]-acetate radioligand based thin layer chromatography,B,,,BAO_0000201,BAO_0000357,single protein format,COc1ccc(CNC(=O)c2nc3cc(C(F)(F)F)cc([N+](=O)[O-])c3s2)cc1,,,CHEMBL4673200,RSC Med Chem,2021,,,CHEMBL4752738,,CHEMBL4752738,,0,http://qudt.org/vocab/unit#Percent,3513823,,1,0,,Active,Inhibition,%,,,CHEMBL3804751,Mycobacterium tuberculosis (strain ATCC 25618 / H37Rv),Decaprenylphosphoryl-beta-D-ribose oxidase,83332,Active,,INH,,UO_0000187,,
"{'action_type': 'INHIBITOR', 'description': 'Negatively effects (inhibits) the normal functioning of the protein e.g., prevention of enzymatic reaction or activation of downstream pathway', 'parent_type': 'NEGATIVE MODULATOR'}",,22794058,[],CHEMBL4710418,Inhibition of Mycobacterium tuberculosis DprE1 expressed in Escherichia coli BL21 (DE3) cells assessed as formation of resorufin using FPR as substrate by Amplex Red hydrogen/peroxidase coupled assay,B,,,BAO_0000190,BAO_0000219,cell-based format,COC(=O)/C=C/c1cc(C(F)(F)F)cc2c(=O)nc(N3CCN(CC4CCCCC4)CC3)sc12,,,CHEMBL4706562,Eur J Med Chem,2020,"{'bei': '11.92', 'le': '0.24', 'lle': '1.35', 'sei': '9.41'}",,CHEMBL4764258,,CHEMBL4764258,5.91,0,http://www.openphacts.org/units/Nanomolar,3539538,=,1,1,=,,IC50,nM,,1240.0,CHEMBL3804751,Mycobacterium tuberculosis (strain ATCC 25618 / H37Rv),Decaprenylphosphoryl-beta-D-ribose oxidase,83332,,,IC50,uM,UO_0000065,,1.24
"{'action_type': 'INHIBITOR', 'description': 'Negatively effects (inhibits) the normal functioning of the protein e.g., prevention of enzymatic reaction or activation of downstream pathway', 'parent_type': 'NEGATIVE MODULATOR'}",,22794059,[],CHEMBL4710418,Inhibition of Mycobacterium tuberculosis DprE1 expressed in Escherichia coli BL21 (DE3) cells assessed as formation of resorufin using FPR as substrate by Amplex Red hydrogen/peroxidase coupled assay,B,,,BAO_0000190,BAO_0000219,cell-based format,NC(=O)/C=C/c1cc(C(F)(F)F)cc2c(=O)nc(N3CCN(CC4CCCCC4)CC3)sc12,,,CHEMBL4706562,Eur J Med Chem,2020,"{'bei': '13.94', 'le': '0.28', 'lle': '2.82', 'sei': '8.42'}",,CHEMBL4763381,,CHEMBL4763381,6.70,0,http://www.openphacts.org/units/Nanomolar,3539539,=,1,1,=,,IC50,nM,,200.0,CHEMBL3804751,Mycobacterium tuberculosis (strain ATCC 25618 / H37Rv),Decaprenylphosphoryl-beta-D-ribose oxidase,83332,,,IC50,uM,UO_0000065,,0.2
"{'action_type': 'INHIBITOR', 'description': 'Negatively effects (inhibits) the normal functioning of the protein e.g., prevention of enzymatic reaction or activation of downstream pathway', 'parent_type': 'NEGATIVE MODULATOR'}",,22794060,[],CHEMBL4710418,Inhibition of Mycobacterium tuberculosis DprE1 expressed in Escherichia coli BL21 (DE3) cells assessed as formation of resorufin using FPR as substrate by Amplex Red hydrogen/peroxidase coupled assay,B,,,BAO_0000190,BAO_0000219,cell-based format,CNC(=O)/C=C/c1cc(C(F)(F)F)cc2c(=O)nc(N3CCN(CC4CCCCC4)CC3)sc12,,,CHEMBL4706562,Eur J Med Chem,2020,"{'bei': '12.96', 'le': '0.26', 'lle': '2.27', 'sei': '9.78'}",,CHEMBL4740005,,CHEMBL4740005,6.41,0,http://www.openphacts.org/units/Nanomolar,3539540,=,1,1,=,,IC50,nM,,390.0,CHEMBL3804751,Mycobacterium tuberculosis (strain ATCC 25618 / H37Rv),Decaprenylphosphoryl-beta-D-ribose oxidase,83332,,,IC50,uM,UO_0000065,,0.39
"{'action_type': 'INHIBITOR', 'description': 'Negatively effects (inhibits) the normal functioning of the protein e.g., prevention of enzymatic reaction or activation of downstream pathway', 'parent_type': 'NEGATIVE MODULATOR'}",,22794061,[],CHEMBL4710418,Inhibition of Mycobacterium tuberculosis DprE1 expressed in Escherichia coli BL21 (DE3) cells assessed as formation of resorufin using FPR as substrate by Amplex Red hydrogen/peroxidase coupled assay,B,,,BAO_0000190,BAO_0000219,cell-based format,CN(C)C(=O)/C=C/c1cc(C(F)(F)F)cc2c(=O)nc(N3CCN(CC4CCCCC4)CC3)sc12,,,CHEMBL4706562,Eur J Med Chem,2020,"{'bei': '11.61', 'le': '0.23', 'lle': '1.42', 'sei': '10.40'}",,CHEMBL4747610,,CHEMBL4747610,5.90,0,http://www.openphacts.org/units/Nanomolar,3539541,=,1,1,=,,IC50,nM,,1250.0,CHEMBL3804751,Mycobacterium tuberculosis (strain ATCC 25618 / H37Rv),Decaprenylphosphoryl-beta-D-ribose oxidase,83332,,,IC50,uM,UO_0000065,,1.25
"{'action_type': 'INHIBITOR', 'description': 'Negatively effects (inhibits) the normal functioning of the protein e.g., prevention of enzymatic reaction or activation of downstream pathway', 'parent_type': 'NEGATIVE MODULATOR'}",,22794062,[],CHEMBL4710418,Inhibition of Mycobacterium tuberculosis DprE1 expressed in Escherichia coli BL21 (DE3) cells assessed as formation of resorufin using FPR as substrate by Amplex Red hydrogen/peroxidase coupled assay,B,,,BAO_0000190,BAO_0000219,cell-based format,COC(=O)C#Cc1cc(C(F)(F)F)cc2c(=O)nc(N3CCN(CC4CCCCC4)CC3)sc12,,,CHEMBL4706562,Eur J Med Chem,2020,"{'bei': '13.89', 'le': '0.28', 'lle': '2.95', 'sei': '10.92'}",,CHEMBL4752208,,CHEMBL4752208,6.85,0,http://www.openphacts.org/units/Nanomolar,3539543,=,1,1,=,,IC50,nM,,140.0,CHEMBL3804751,Mycobacterium tuberculosis (strain ATCC 25618 / H37Rv),Decaprenylphosphoryl-beta-D-ribose oxidase,83332,,,IC50,uM,UO_0000065,,0.14
"{'action_type': 'INHIBITOR', 'description': 'Negatively effects (inhibits) the normal functioning of the protein e.g., prevention of enzymatic reaction or activation of downstream pathway', 'parent_type': 'NEGATIVE MODULATOR'}",,22794063,[],CHEMBL4710418,Inhibition of Mycobacterium tuberculosis DprE1 expressed in Escherichia coli BL21 (DE3) cells assessed as formation of resorufin using FPR as substrate by Amplex Red hydrogen/peroxidase coupled assay,B,,,BAO_0000190,BAO_0000219,cell-based format,N#Cc1ccc2c(=O)nc(N3CCN(CC4CCCCC4)CC3)sc2n1,,,CHEMBL4706562,Eur J Med Chem,2020,"{'bei': '13.84', 'le': '0.27', 'lle': '2.48', 'sei': '6.99'}",,CHEMBL4750760,,CHEMBL4750760,5.11,0,http://www.openphacts.org/units/Nanomolar,3539527,=,1,1,=,,IC50,nM,,7720.0,CHEMBL3804751,Mycobacterium tuberculosis (strain ATCC 25618 / H37Rv),Decaprenylphosphoryl-beta-D-ribose oxidase,83332,,,IC50,uM,UO_0000065,,7.72
,,22794064,[],CHEMBL4710418,Inhibition of Mycobacterium tuberculosis DprE1 expressed in Escherichia coli BL21 (DE3) cells assessed as formation of resorufin using FPR as substrate by Amplex Red hydrogen/peroxidase coupled assay,B,,,BAO_0000190,BAO_0000219,cell-based format,O=c1nc(N2CCN(CC3CCCCC3)CC2)sc2nc(Cl)ncc12,,,CHEMBL4706562,Eur J Med Chem,2020,,,CHEMBL4756702,,CHEMBL4756702,,0,http://www.openphacts.org/units/Nanomolar,3539528,>,1,1,>,,IC50,nM,,20000.0,CHEMBL3804751,Mycobacterium tuberculosis (strain ATCC 25618 / H37Rv),Decaprenylphosphoryl-beta-D-ribose oxidase,83332,,,IC50,uM,UO_0000065,,20.0
,,22794065,[],CHEMBL4710418,Inhibition of Mycobacterium tuberculosis DprE1 expressed in Escherichia coli BL21 (DE3) cells assessed as formation of resorufin using FPR as substrate by Amplex Red hydrogen/peroxidase coupled assay,B,,,BAO_0000190,BAO_0000219,cell-based format,N#Cc1ncc2c(=O)nc(N3CCN(CC4CCCCC4)CC3)sc2n1,,,CHEMBL4706562,Eur J Med Chem,2020,,,CHEMBL4781643,,CHEMBL4781643,,0,http://www.openphacts.org/units/Nanomolar,3539529,>,1,1,>,,IC50,nM,,20000.0,CHEMBL3804751,Mycobacterium tuberculosis (strain ATCC 25618 / H37Rv),Decaprenylphosphoryl-beta-D-ribose oxidase,83332,,,IC50,uM,UO_0000065,,20.0
"{'action_type': 'INHIBITOR', 'description': 'Negatively effects (inhibits) the normal functioning of the protein e.g., prevention of enzymatic reaction or activation of downstream pathway', 'parent_type': 'NEGATIVE MODULATOR'}",,22794066,[],CHEMBL4710418,Inhibition of Mycobacterium tuberculosis DprE1 expressed in Escherichia coli BL21 (DE3) cells assessed as formation of resorufin using FPR as substrate by Amplex Red hydrogen/peroxidase coupled assay,B,,,BAO_0000190,BAO_0000219,cell-based format,O=c1nc(N2CCN(CC3CCCCC3)CC2)sc2c(Cl)cc(C(F)(F)F)cc12,,,CHEMBL4706562,Eur J Med Chem,2020,"{'bei': '13.54', 'le': '0.28', 'lle': '1.01', 'sei': '16.56'}",,CHEMBL4798070,,CHEMBL4798070,6.04,0,http://www.openphacts.org/units/Nanomolar,3539530,=,1,1,=,,IC50,nM,,920.0,CHEMBL3804751,Mycobacterium tuberculosis (strain ATCC 25618 / H37Rv),Decaprenylphosphoryl-beta-D-ribose oxidase,83332,,,IC50,uM,UO_0000065,,0.92
"{'action_type': 'INHIBITOR', 'description': 'Negatively effects (inhibits) the normal functioning of the protein e.g., prevention of enzymatic reaction or activation of downstream pathway', 'parent_type': 'NEGATIVE MODULATOR'}",,22794067,[],CHEMBL4710418,Inhibition of Mycobacterium tuberculosis DprE1 expressed in Escherichia coli BL21 (DE3) cells assessed as formation of resorufin using FPR as substrate by Amplex Red hydrogen/peroxidase coupled assay,B,,,BAO_0000190,BAO_0000219,cell-based format,O=c1nc(N2CCN(CC3CCCCC3)CC2)sc2c(Br)cc(C(F)(F)F)cc12,,,CHEMBL4706562,Eur J Med Chem,2020,"{'bei': '11.70', 'le': '0.27', 'lle': '0.60', 'sei': '15.74'}",,CHEMBL4787991,,CHEMBL4787991,5.74,0,http://www.openphacts.org/units/Nanomolar,3539531,=,1,1,=,,IC50,nM,,1840.0,CHEMBL3804751,Mycobacterium tuberculosis (strain ATCC 25618 / H37Rv),Decaprenylphosphoryl-beta-D-ribose oxidase,83332,,,IC50,uM,UO_0000065,,1.84
"{'action_type': 'INHIBITOR', 'description': 'Negatively effects (inhibits) the normal functioning of the protein e.g., prevention of enzymatic reaction or activation of downstream pathway', 'parent_type': 'NEGATIVE MODULATOR'}",,22794068,[],CHEMBL4710418,Inhibition of Mycobacterium tuberculosis DprE1 expressed in Escherichia coli BL21 (DE3) cells assessed as formation of resorufin using FPR as substrate by Amplex Red hydrogen/peroxidase coupled assay,B,,,BAO_0000190,BAO_0000219,cell-based format,O=c1nc(N2CCN(CC3CCCCC3)CC2)sc2c(I)cc(C(F)(F)F)cc12,,,CHEMBL4706562,Eur J Med Chem,2020,"{'bei': '10.47', 'le': '0.27', 'lle': '0.65', 'sei': '15.45'}",,CHEMBL4794533,,CHEMBL4794533,5.63,0,http://www.openphacts.org/units/Nanomolar,3539532,=,1,1,=,,IC50,nM,,2350.0,CHEMBL3804751,Mycobacterium tuberculosis (strain ATCC 25618 / H37Rv),Decaprenylphosphoryl-beta-D-ribose oxidase,83332,,,IC50,uM,UO_0000065,,2.35
"{'action_type': 'INHIBITOR', 'description': 'Negatively effects (inhibits) the normal functioning of the protein e.g., prevention of enzymatic reaction or activation of downstream pathway', 'parent_type': 'NEGATIVE MODULATOR'}",,22794069,[],CHEMBL4710418,Inhibition of Mycobacterium tuberculosis DprE1 expressed in Escherichia coli BL21 (DE3) cells assessed as formation of resorufin using FPR as substrate by Amplex Red hydrogen/peroxidase coupled assay,B,,,BAO_0000190,BAO_0000219,cell-based format,N#Cc1cc(C(F)(F)F)cc2c(=O)nc(N3CCN(CC4CCCCC4)CC3)sc12,,,CHEMBL4706562,Eur J Med Chem,2020,"{'bei': '13.22', 'le': '0.26', 'lle': '1.52', 'sei': '9.58'}",,CHEMBL4750100,,CHEMBL4750100,5.77,0,http://www.openphacts.org/units/Nanomolar,3539533,=,1,1,=,,IC50,nM,,1700.0,CHEMBL3804751,Mycobacterium tuberculosis (strain ATCC 25618 / H37Rv),Decaprenylphosphoryl-beta-D-ribose oxidase,83332,,,IC50,uM,UO_0000065,,1.7
"{'action_type': 'INHIBITOR', 'description': 'Negatively effects (inhibits) the normal functioning of the protein e.g., prevention of enzymatic reaction or activation of downstream pathway', 'parent_type': 'NEGATIVE MODULATOR'}",,22794070,[],CHEMBL4710418,Inhibition of Mycobacterium tuberculosis DprE1 expressed in Escherichia coli BL21 (DE3) cells assessed as formation of resorufin using FPR as substrate by Amplex Red hydrogen/peroxidase coupled assay,B,,,BAO_0000190,BAO_0000219,cell-based format,COC(=O)CCc1cc(C(F)(F)F)cc2c(=O)nc(N3CCN(CC4CCCCC4)CC3)sc12,,,CHEMBL4706562,Eur J Med Chem,2020,"{'bei': '10.59', 'le': '0.21', 'lle': '0.79', 'sei': '8.40'}",,CHEMBL4740019,,CHEMBL4740019,5.27,0,http://www.openphacts.org/units/Nanomolar,3539534,=,1,1,=,,IC50,nM,,5400.0,CHEMBL3804751,Mycobacterium tuberculosis (strain ATCC 25618 / H37Rv),Decaprenylphosphoryl-beta-D-ribose oxidase,83332,,,IC50,uM,UO_0000065,,5.4
"{'action_type': 'INHIBITOR', 'description': 'Negatively effects (inhibits) the normal functioning of the protein e.g., prevention of enzymatic reaction or activation of downstream pathway', 'parent_type': 'NEGATIVE MODULATOR'}",,22794071,[],CHEMBL4710418,Inhibition of Mycobacterium tuberculosis DprE1 expressed in Escherichia coli BL21 (DE3) cells assessed as formation of resorufin using FPR as substrate by Amplex Red hydrogen/peroxidase coupled assay,B,,,BAO_0000190,BAO_0000219,cell-based format,N#CCCc1cc(C(F)(F)F)cc2c(=O)nc(N3CCN(CC4CCCCC4)CC3)sc12,,,CHEMBL4706562,Eur J Med Chem,2020,"{'bei': '10.50', 'le': '0.21', 'lle': '0.05', 'sei': '8.10'}",,CHEMBL4749411,,CHEMBL4749411,4.88,0,http://www.openphacts.org/units/Nanomolar,3539535,=,1,1,=,,IC50,nM,,13200.0,CHEMBL3804751,Mycobacterium tuberculosis (strain ATCC 25618 / H37Rv),Decaprenylphosphoryl-beta-D-ribose oxidase,83332,,,IC50,uM,UO_0000065,,13.2
"{'action_type': 'INHIBITOR', 'description': 'Negatively effects (inhibits) the normal functioning of the protein e.g., prevention of enzymatic reaction or activation of downstream pathway', 'parent_type': 'NEGATIVE MODULATOR'}",,22794072,[],CHEMBL4710418,Inhibition of Mycobacterium tuberculosis DprE1 expressed in Escherichia coli BL21 (DE3) cells assessed as formation of resorufin using FPR as substrate by Amplex Red hydrogen/peroxidase coupled assay,B,,,BAO_0000190,BAO_0000219,cell-based format,NC(=O)CCc1cc(C(F)(F)F)cc2c(=O)nc(N3CCN(CC4CCCCC4)CC3)sc12,,,CHEMBL4706562,Eur J Med Chem,2020,"{'bei': '9.90', 'le': '0.20', 'lle': '0.98', 'sei': '6.01'}",,CHEMBL4760909,,CHEMBL4760909,4.78,0,http://www.openphacts.org/units/Nanomolar,3539536,=,1,1,=,,IC50,nM,,16700.0,CHEMBL3804751,Mycobacterium tuberculosis (strain ATCC 25618 / H37Rv),Decaprenylphosphoryl-beta-D-ribose oxidase,83332,,,IC50,uM,UO_0000065,,16.7
"{'action_type': 'INHIBITOR', 'description': 'Negatively effects (inhibits) the normal functioning of the protein e.g., prevention of enzymatic reaction or activation of downstream pathway', 'parent_type': 'NEGATIVE MODULATOR'}",,22794073,[],CHEMBL4710418,Inhibition of Mycobacterium tuberculosis DprE1 expressed in Escherichia coli BL21 (DE3) cells assessed as formation of resorufin using FPR as substrate by Amplex Red hydrogen/peroxidase coupled assay,B,,,BAO_0000190,BAO_0000219,cell-based format,O=c1nc(N2CCN(CC3CCCCC3)CC2)sc2c([N+](=O)[O-])cc(C(F)(F)F)cc12,,,CHEMBL4706562,Eur J Med Chem,2020,"{'bei': '17.53', 'le': '0.35', 'lle': '3.71', 'sei': '10.05'}",,CHEMBL3330226,MACOZINONE,CHEMBL3330226,8.00,0,http://www.openphacts.org/units/Nanomolar,3539537,=,1,1,=,,IC50,nM,,10.0,CHEMBL3804751,Mycobacterium tuberculosis (strain ATCC 25618 / H37Rv),Decaprenylphosphoryl-beta-D-ribose oxidase,83332,,,IC50,uM,UO_0000065,,0.01
,,22794106,"[{'comments': None, 'relation': '=', 'result_flag': 0, 'standard_relation': '=', 'standard_text_value': None, 'standard_type': 'Dose', 'standard_units': 'microM', 'standard_value': '20.0', 'text_value': None, 'type': 'Dose', 'units': 'microM', 'value': '20.0'}]",CHEMBL4710422,Inhibition of Mycobacterium tuberculosis DprE1 expressed in Escherichia coli BL21 (DE3) cells assessed as formation of resorufin using FPR as substrate at 20 uM by Amplex Red hydrogen/peroxidase coupled assay,B,,,BAO_0001103,BAO_0000219,cell-based format,N#C/C=C/c1cc(C(F)(F)F)cc2c(=O)nc(N3CCN(CC4CCCCC4)CC3)sc12,,,CHEMBL4706562,Eur J Med Chem,2020,,,CHEMBL4740292,,CHEMBL4740292,,0,http://qudt.org/vocab/unit#Percent,3539542,<,1,0,<,,Activity,%,,70.0,CHEMBL3804751,Mycobacterium tuberculosis (strain ATCC 25618 / H37Rv),Decaprenylphosphoryl-beta-D-ribose oxidase,83332,,,Activity,%,UO_0000187,,70.0
,,22794107,"[{'comments': None, 'relation': '=', 'result_flag': 0, 'standard_relation': '=', 'standard_text_value': None, 'standard_type': 'Dose', 'standard_units': 'microM', 'standard_value': '20.0', 'text_value': None, 'type': 'Dose', 'units': 'microM', 'value': '20.0'}]",CHEMBL4710422,Inhibition of Mycobacterium tuberculosis DprE1 expressed in Escherichia coli BL21 (DE3) cells assessed as formation of resorufin using FPR as substrate at 20 uM by Amplex Red hydrogen/peroxidase coupled assay,B,,,BAO_0001103,BAO_0000219,cell-based format,O=c1nc(N2CCN(CC3CCCCC3)CC2)sc2c(/C=C/c3ccccn3)cc(C(F)(F)F)cc12,,,CHEMBL4706562,Eur J Med Chem,2020,,,CHEMBL4761476,,CHEMBL4761476,,0,http://qudt.org/vocab/unit#Percent,3539526,<,1,0,<,,Activity,%,,70.0,CHEMBL3804751,Mycobacterium tuberculosis (strain ATCC 25618 / H37Rv),Decaprenylphosphoryl-beta-D-ribose oxidase,83332,,,Activity,%,UO_0000187,,70.0
"{'action_type': 'INHIBITOR', 'description': 'Negatively effects (inhibits) the normal functioning of the protein e.g., prevention of enzymatic reaction or activation of downstream pathway', 'parent_type': 'NEGATIVE MODULATOR'}",,22794108,"[{'comments': None, 'relation': '=', 'result_flag': 0, 'standard_relation': '=', 'standard_text_value': None, 'standard_type': 'Dose', 'standard_units': 'microM', 'standard_value': '300.0', 'text_value': None, 'type': 'Dose', 'units': 'microM', 'value': '300.0'}]",CHEMBL4710423,Binding affinity to trypsin digested Mycobacterium tuberculosis DprE1 protein assessed as Cys387 adduct formation with 387-CVDFP-391 sequence at 300 uM by measuring retention time by LC/MS analysis,B,,,BAO_0000179,BAO_0000357,single protein format,COC(=O)/C=C/c1cc(C(F)(F)F)cc2c(=O)nc(N3CCN(CC4CCCCC4)CC3)sc12,,,CHEMBL4706562,Eur J Med Chem,2020,,,CHEMBL4764258,,CHEMBL4764258,,0,http://qudt.org/vocab/unit#MinuteTime,3539538,=,1,0,=,,Retention_time,min,,43.27,CHEMBL3804751,Mycobacterium tuberculosis (strain ATCC 25618 / H37Rv),Decaprenylphosphoryl-beta-D-ribose oxidase,83332,,,Retention_time,min,UO_0000031,,43.27
"{'action_type': 'INHIBITOR', 'description': 'Negatively effects (inhibits) the normal functioning of the protein e.g., prevention of enzymatic reaction or activation of downstream pathway', 'parent_type': 'NEGATIVE MODULATOR'}",,22794109,"[{'comments': None, 'relation': '=', 'result_flag': 0, 'standard_relation': '=', 'standard_text_value': None, 'standard_type': 'Dose', 'standard_units': 'microM', 'standard_value': '100.0', 'text_value': None, 'type': 'Dose', 'units': 'microM', 'value': '100.0'}]",CHEMBL4710424,Covalent binding affinity to Mycobacterium tuberculosis DprE1 assessed as adduct formation by measuring 490 Da shift increase in molecular weight at 100 uM by Mass spectrometry analysis,B,,,BAO_0000375,BAO_0000357,single protein format,COC(=O)/C=C/c1cc(C(F)(F)F)cc2c(=O)nc(N3CCN(CC4CCCCC4)CC3)sc12,,,CHEMBL4706562,Eur J Med Chem,2020,,,CHEMBL4764258,,CHEMBL4764258,,0,,3539538,,1,0,,Active,Activity,,,,CHEMBL3804751,Mycobacterium tuberculosis (strain ATCC 25618 / H37Rv),Decaprenylphosphoryl-beta-D-ribose oxidase,83332,Active,,Activity,,,,
"{'action_type': 'INHIBITOR', 'description': 'Negatively effects (inhibits) the normal functioning of the protein e.g., prevention of enzymatic reaction or activation of downstream pathway', 'parent_type': 'NEGATIVE MODULATOR'}",,22794110,"[{'comments': None, 'relation': '=', 'result_flag': 0, 'standard_relation': '=', 'standard_text_value': None, 'standard_type': 'Dose', 'standard_units': 'microM', 'standard_value': '100.0', 'text_value': None, 'type': 'Dose', 'units': 'microM', 'value': '100.0'}]",CHEMBL4710425,Covalent binding affinity to Mycobacterium tuberculosis DprE1 assessed as adduct formation by measuring 460 Da shift increase in molecular weight at 100 uM by Mass spectrometry analysis,B,,,BAO_0000375,BAO_0000357,single protein format,NC(=O)/C=C/c1cc(C(F)(F)F)cc2c(=O)nc(N3CCN(CC4CCCCC4)CC3)sc12,,,CHEMBL4706562,Eur J Med Chem,2020,,,CHEMBL4763381,,CHEMBL4763381,,0,,3539539,,1,0,,Active,Activity,,,,CHEMBL3804751,Mycobacterium tuberculosis (strain ATCC 25618 / H37Rv),Decaprenylphosphoryl-beta-D-ribose oxidase,83332,Active,,Activity,,,,
"{'action_type': 'INHIBITOR', 'description': 'Negatively effects (inhibits) the normal functioning of the protein e.g., prevention of enzymatic reaction or activation of downstream pathway', 'parent_type': 'NEGATIVE MODULATOR'}",,22794111,"[{'comments': None, 'relation': '=', 'result_flag': 0, 'standard_relation': '=', 'standard_text_value': None, 'standard_type': 'Dose', 'standard_units': 'microM', 'standard_value': '300.0', 'text_value': None, 'type': 'Dose', 'units': 'microM', 'value': '300.0'}]",CHEMBL4710426,Binding affinity to trypsin digested Mycobacterium tuberculosis DprE1 protein assessed as Cys387 adduct formation with 385-NICVDFPIL-393 sequence at 300 uM by measuring retention time by LC/MS analysis,B,,,BAO_0000179,BAO_0000357,single protein format,NC(=O)/C=C/c1cc(C(F)(F)F)cc2c(=O)nc(N3CCN(CC4CCCCC4)CC3)sc12,,,CHEMBL4706562,Eur J Med Chem,2020,,,CHEMBL4763381,,CHEMBL4763381,,0,http://qudt.org/vocab/unit#MinuteTime,3539539,=,1,0,=,,Retention_time,min,,29.33,CHEMBL3804751,Mycobacterium tuberculosis (strain ATCC 25618 / H37Rv),Decaprenylphosphoryl-beta-D-ribose oxidase,83332,,,Retention_time,min,UO_0000031,,29.33
"{'action_type': 'INHIBITOR', 'description': 'Negatively effects (inhibits) the normal functioning of the protein e.g., prevention of enzymatic reaction or activation of downstream pathway', 'parent_type': 'NEGATIVE MODULATOR'}",,22794112,"[{'comments': None, 'relation': '=', 'result_flag': 0, 'standard_relation': '=', 'standard_text_value': None, 'standard_type': 'TIME', 'standard_units': 'hr', 'standard_value': '24.0', 'text_value': None, 'type': 'Time', 'units': 'hrs', 'value': '24.0'}]",CHEMBL4710427,Inhibition of Mycobacterium tuberculosis H37Rv DprE1 assessed as increase in trehalose dimycolates at 100 x MIC incubated for 24 hrs using [14C]acetate by TLC based metabolic labelling assay relative to control,B,,,BAO_0000375,BAO_0000357,single protein format,C[C@H]1COC2(CCN(c3nc(=O)c4cc(C(F)(F)F)cc([N+](=O)[O-])c4s3)CC2)O1,,,CHEMBL4706562,Eur J Med Chem,2020,,,CHEMBL1822872,BTZ-043,CHEMBL1822872,,0,,3539525,,1,0,,Active,Activity,,,,CHEMBL3804751,Mycobacterium tuberculosis (strain ATCC 25618 / H37Rv),Decaprenylphosphoryl-beta-D-ribose oxidase,83332,Active,,Activity,,,,
"{'action_type': 'INHIBITOR', 'description': 'Negatively effects (inhibits) the normal functioning of the protein e.g., prevention of enzymatic reaction or activation of downstream pathway', 'parent_type': 'NEGATIVE MODULATOR'}",,22794113,"[{'comments': None, 'relation': '=', 'result_flag': 0, 'standard_relation': '=', 'standard_text_value': None, 'standard_type': 'TIME', 'standard_units': 'hr', 'standard_value': '24.0', 'text_value': None, 'type': 'Time', 'units': 'hrs', 'value': '24.0'}]",CHEMBL4710427,Inhibition of Mycobacterium tuberculosis H37Rv DprE1 assessed as increase in trehalose dimycolates at 100 x MIC incubated for 24 hrs using [14C]acetate by TLC based metabolic labelling assay relative to control,B,,,BAO_0000375,BAO_0000357,single protein format,O=c1nc(N2CCN(CC3CCCCC3)CC2)sc2c([N+](=O)[O-])cc(C(F)(F)F)cc12,,,CHEMBL4706562,Eur J Med Chem,2020,,,CHEMBL3330226,MACOZINONE,CHEMBL3330226,,0,,3539537,,1,0,,Active,Activity,,,,CHEMBL3804751,Mycobacterium tuberculosis (strain ATCC 25618 / H37Rv),Decaprenylphosphoryl-beta-D-ribose oxidase,83332,Active,,Activity,,,,
,,22794114,"[{'comments': None, 'relation': '=', 'result_flag': 0, 'standard_relation': '=', 'standard_text_value': None, 'standard_type': 'TIME', 'standard_units': 'hr', 'standard_value': '24.0', 'text_value': None, 'type': 'Time', 'units': 'hrs', 'value': '24.0'}]",CHEMBL4710427,Inhibition of Mycobacterium tuberculosis H37Rv DprE1 assessed as increase in trehalose dimycolates at 100 x MIC incubated for 24 hrs using [14C]acetate by TLC based metabolic labelling assay relative to control,B,,,BAO_0000375,BAO_0000357,single protein format,COC(=O)/C=C/c1cc(C(F)(F)F)cc2c(=O)nc(N3CCN(CC4CCCCC4)CC3)sc12,,,CHEMBL4706562,Eur J Med Chem,2020,,,CHEMBL4764258,,CHEMBL4764258,,0,,3539538,,1,0,,Not active,Activity,,,,CHEMBL3804751,Mycobacterium tuberculosis (strain ATCC 25618 / H37Rv),Decaprenylphosphoryl-beta-D-ribose oxidase,83332,Not Active,,Activity,,,,
,,22794115,"[{'comments': None, 'relation': '=', 'result_flag': 0, 'standard_relation': '=', 'standard_text_value': None, 'standard_type': 'TIME', 'standard_units': 'hr', 'standard_value': '24.0', 'text_value': None, 'type': 'Time', 'units': 'hrs', 'value': '24.0'}]",CHEMBL4710427,Inhibition of Mycobacterium tuberculosis H37Rv DprE1 assessed as increase in trehalose dimycolates at 100 x MIC incubated for 24 hrs using [14C]acetate by TLC based metabolic labelling assay relative to control,B,,,BAO_0000375,BAO_0000357,single protein format,COC(=O)C#Cc1cc(C(F)(F)F)cc2c(=O)nc(N3CCN(CC4CCCCC4)CC3)sc12,,,CHEMBL4706562,Eur J Med Chem,2020,,,CHEMBL4752208,,CHEMBL4752208,,0,,3539543,,1,0,,Not active,Activity,,,,CHEMBL3804751,Mycobacterium tuberculosis (strain ATCC 25618 / H37Rv),Decaprenylphosphoryl-beta-D-ribose oxidase,83332,Not Active,,Activity,,,,
,,22794116,"[{'comments': None, 'relation': '=', 'result_flag': 0, 'standard_relation': '=', 'standard_text_value': None, 'standard_type': 'TIME', 'standard_units': 'hr', 'standard_value': '24.0', 'text_value': None, 'type': 'Time', 'units': 'hrs', 'value': '24.0'}]",CHEMBL4710427,Inhibition of Mycobacterium tuberculosis H37Rv DprE1 assessed as increase in trehalose dimycolates at 100 x MIC incubated for 24 hrs using [14C]acetate by TLC based metabolic labelling assay relative to control,B,,,BAO_0000375,BAO_0000357,single protein format,CNC(=O)/C=C/c1cc(C(F)(F)F)cc2c(=O)nc(N3CCN(CC4CCCCC4)CC3)sc12,,,CHEMBL4706562,Eur J Med Chem,2020,,,CHEMBL4740005,,CHEMBL4740005,,0,,3539540,,1,0,,Not active,Activity,,,,CHEMBL3804751,Mycobacterium tuberculosis (strain ATCC 25618 / H37Rv),Decaprenylphosphoryl-beta-D-ribose oxidase,83332,Not Active,,Activity,,,,
,,22794117,"[{'comments': None, 'relation': '=', 'result_flag': 0, 'standard_relation': '=', 'standard_text_value': None, 'standard_type': 'TIME', 'standard_units': 'hr', 'standard_value': '24.0', 'text_value': None, 'type': 'Time', 'units': 'hrs', 'value': '24.0'}]",CHEMBL4710427,Inhibition of Mycobacterium tuberculosis H37Rv DprE1 assessed as increase in trehalose dimycolates at 100 x MIC incubated for 24 hrs using [14C]acetate by TLC based metabolic labelling assay relative to control,B,,,BAO_0000375,BAO_0000357,single protein format,NC(=O)/C=C/c1cc(C(F)(F)F)cc2c(=O)nc(N3CCN(CC4CCCCC4)CC3)sc12,,,CHEMBL4706562,Eur J Med Chem,2020,,,CHEMBL4763381,,CHEMBL4763381,,0,,3539539,,1,0,,Not active,Activity,,,,CHEMBL3804751,Mycobacterium tuberculosis (strain ATCC 25618 / H37Rv),Decaprenylphosphoryl-beta-D-ribose oxidase,83332,Not Active,,Activity,,,,
"{'action_type': 'INHIBITOR', 'description': 'Negatively effects (inhibits) the normal functioning of the protein e.g., prevention of enzymatic reaction or activation of downstream pathway', 'parent_type': 'NEGATIVE MODULATOR'}",,22794118,"[{'comments': None, 'relation': '=', 'result_flag': 0, 'standard_relation': '=', 'standard_text_value': None, 'standard_type': 'TIME', 'standard_units': 'hr', 'standard_value': '24.0', 'text_value': None, 'type': 'Time', 'units': 'hrs', 'value': '24.0'}]",CHEMBL4710428,Inhibition of Mycobacterium tuberculosis H37Rv DprE1 assessed as increase in trehalose monomycolates at 100 x MIC incubated for 24 hrs using [14C]acetate by TLC based metabolic labelling assay relative to control,B,,,BAO_0000375,BAO_0000357,single protein format,C[C@H]1COC2(CCN(c3nc(=O)c4cc(C(F)(F)F)cc([N+](=O)[O-])c4s3)CC2)O1,,,CHEMBL4706562,Eur J Med Chem,2020,,,CHEMBL1822872,BTZ-043,CHEMBL1822872,,0,,3539525,,1,0,,Active,Activity,,,,CHEMBL3804751,Mycobacterium tuberculosis (strain ATCC 25618 / H37Rv),Decaprenylphosphoryl-beta-D-ribose oxidase,83332,Active,,Activity,,,,
"{'action_type': 'INHIBITOR', 'description': 'Negatively effects (inhibits) the normal functioning of the protein e.g., prevention of enzymatic reaction or activation of downstream pathway', 'parent_type': 'NEGATIVE MODULATOR'}",,22794119,"[{'comments': None, 'relation': '=', 'result_flag': 0, 'standard_relation': '=', 'standard_text_value': None, 'standard_type': 'TIME', 'standard_units': 'hr', 'standard_value': '24.0', 'text_value': None, 'type': 'Time', 'units': 'hrs', 'value': '24.0'}]",CHEMBL4710428,Inhibition of Mycobacterium tuberculosis H37Rv DprE1 assessed as increase in trehalose monomycolates at 100 x MIC incubated for 24 hrs using [14C]acetate by TLC based metabolic labelling assay relative to control,B,,,BAO_0000375,BAO_0000357,single protein format,O=c1nc(N2CCN(CC3CCCCC3)CC2)sc2c([N+](=O)[O-])cc(C(F)(F)F)cc12,,,CHEMBL4706562,Eur J Med Chem,2020,,,CHEMBL3330226,MACOZINONE,CHEMBL3330226,,0,,3539537,,1,0,,Active,Activity,,,,CHEMBL3804751,Mycobacterium tuberculosis (strain ATCC 25618 / H37Rv),Decaprenylphosphoryl-beta-D-ribose oxidase,83332,Active,,Activity,,,,
,,22794120,"[{'comments': None, 'relation': '=', 'result_flag': 0, 'standard_relation': '=', 'standard_text_value': None, 'standard_type': 'TIME', 'standard_units': 'hr', 'standard_value': '24.0', 'text_value': None, 'type': 'Time', 'units': 'hrs', 'value': '24.0'}]",CHEMBL4710428,Inhibition of Mycobacterium tuberculosis H37Rv DprE1 assessed as increase in trehalose monomycolates at 100 x MIC incubated for 24 hrs using [14C]acetate by TLC based metabolic labelling assay relative to control,B,,,BAO_0000375,BAO_0000357,single protein format,COC(=O)/C=C/c1cc(C(F)(F)F)cc2c(=O)nc(N3CCN(CC4CCCCC4)CC3)sc12,,,CHEMBL4706562,Eur J Med Chem,2020,,,CHEMBL4764258,,CHEMBL4764258,,0,,3539538,,1,0,,Not active,Activity,,,,CHEMBL3804751,Mycobacterium tuberculosis (strain ATCC 25618 / H37Rv),Decaprenylphosphoryl-beta-D-ribose oxidase,83332,Not Active,,Activity,,,,
,,22794121,"[{'comments': None, 'relation': '=', 'result_flag': 0, 'standard_relation': '=', 'standard_text_value': None, 'standard_type': 'TIME', 'standard_units': 'hr', 'standard_value': '24.0', 'text_value': None, 'type': 'Time', 'units': 'hrs', 'value': '24.0'}]",CHEMBL4710428,Inhibition of Mycobacterium tuberculosis H37Rv DprE1 assessed as increase in trehalose monomycolates at 100 x MIC incubated for 24 hrs using [14C]acetate by TLC based metabolic labelling assay relative to control,B,,,BAO_0000375,BAO_0000357,single protein format,COC(=O)C#Cc1cc(C(F)(F)F)cc2c(=O)nc(N3CCN(CC4CCCCC4)CC3)sc12,,,CHEMBL4706562,Eur J Med Chem,2020,,,CHEMBL4752208,,CHEMBL4752208,,0,,3539543,,1,0,,Not active,Activity,,,,CHEMBL3804751,Mycobacterium tuberculosis (strain ATCC 25618 / H37Rv),Decaprenylphosphoryl-beta-D-ribose oxidase,83332,Not Active,,Activity,,,,
,,22794122,"[{'comments': None, 'relation': '=', 'result_flag': 0, 'standard_relation': '=', 'standard_text_value': None, 'standard_type': 'TIME', 'standard_units': 'hr', 'standard_value': '24.0', 'text_value': None, 'type': 'Time', 'units': 'hrs', 'value': '24.0'}]",CHEMBL4710428,Inhibition of Mycobacterium tuberculosis H37Rv DprE1 assessed as increase in trehalose monomycolates at 100 x MIC incubated for 24 hrs using [14C]acetate by TLC based metabolic labelling assay relative to control,B,,,BAO_0000375,BAO_0000357,single protein format,CNC(=O)/C=C/c1cc(C(F)(F)F)cc2c(=O)nc(N3CCN(CC4CCCCC4)CC3)sc12,,,CHEMBL4706562,Eur J Med Chem,2020,,,CHEMBL4740005,,CHEMBL4740005,,0,,3539540,,1,0,,Not active,Activity,,,,CHEMBL3804751,Mycobacterium tuberculosis (strain ATCC 25618 / H37Rv),Decaprenylphosphoryl-beta-D-ribose oxidase,83332,Not Active,,Activity,,,,
,,22794123,"[{'comments': None, 'relation': '=', 'result_flag': 0, 'standard_relation': '=', 'standard_text_value': None, 'standard_type': 'TIME', 'standard_units': 'hr', 'standard_value': '24.0', 'text_value': None, 'type': 'Time', 'units': 'hrs', 'value': '24.0'}]",CHEMBL4710428,Inhibition of Mycobacterium tuberculosis H37Rv DprE1 assessed as increase in trehalose monomycolates at 100 x MIC incubated for 24 hrs using [14C]acetate by TLC based metabolic labelling assay relative to control,B,,,BAO_0000375,BAO_0000357,single protein format,NC(=O)/C=C/c1cc(C(F)(F)F)cc2c(=O)nc(N3CCN(CC4CCCCC4)CC3)sc12,,,CHEMBL4706562,Eur J Med Chem,2020,,,CHEMBL4763381,,CHEMBL4763381,,0,,3539539,,1,0,,Not active,Activity,,,,CHEMBL3804751,Mycobacterium tuberculosis (strain ATCC 25618 / H37Rv),Decaprenylphosphoryl-beta-D-ribose oxidase,83332,Not Active,,Activity,,,,
"{'action_type': 'INHIBITOR', 'description': 'Negatively effects (inhibits) the normal functioning of the protein e.g., prevention of enzymatic reaction or activation of downstream pathway', 'parent_type': 'NEGATIVE MODULATOR'}",,22794124,"[{'comments': None, 'relation': '=', 'result_flag': 0, 'standard_relation': '=', 'standard_text_value': None, 'standard_type': 'TIME', 'standard_units': 'hr', 'standard_value': '24.0', 'text_value': None, 'type': 'Time', 'units': 'hrs', 'value': '24.0'}]",CHEMBL4710429,Inhibition of Mycobacterium tuberculosis H37Rv DprE1 assessed as increase in trehalose dimycolates at 10 x MIC preincubated for 24 hrs using [14C]acetate by TLC based metabolic labelling assay relative to control,B,,,BAO_0000375,BAO_0000357,single protein format,COC(=O)/C=C/c1cc(C(F)(F)F)cc2c(=O)nc(N3CCN(CC4CCCCC4)CC3)sc12,,,CHEMBL4706562,Eur J Med Chem,2020,,,CHEMBL4764258,,CHEMBL4764258,,0,,3539538,,1,0,,Active,Activity,,,,CHEMBL3804751,Mycobacterium tuberculosis (strain ATCC 25618 / H37Rv),Decaprenylphosphoryl-beta-D-ribose oxidase,83332,Active,,Activity,,,,
"{'action_type': 'INHIBITOR', 'description': 'Negatively effects (inhibits) the normal functioning of the protein e.g., prevention of enzymatic reaction or activation of downstream pathway', 'parent_type': 'NEGATIVE MODULATOR'}",,22794125,"[{'comments': None, 'relation': '=', 'result_flag': 0, 'standard_relation': '=', 'standard_text_value': None, 'standard_type': 'TIME', 'standard_units': 'hr', 'standard_value': '24.0', 'text_value': None, 'type': 'Time', 'units': 'hrs', 'value': '24.0'}]",CHEMBL4710429,Inhibition of Mycobacterium tuberculosis H37Rv DprE1 assessed as increase in trehalose dimycolates at 10 x MIC preincubated for 24 hrs using [14C]acetate by TLC based metabolic labelling assay relative to control,B,,,BAO_0000375,BAO_0000357,single protein format,COC(=O)C#Cc1cc(C(F)(F)F)cc2c(=O)nc(N3CCN(CC4CCCCC4)CC3)sc12,,,CHEMBL4706562,Eur J Med Chem,2020,,,CHEMBL4752208,,CHEMBL4752208,,0,,3539543,,1,0,,Active,Activity,,,,CHEMBL3804751,Mycobacterium tuberculosis (strain ATCC 25618 / H37Rv),Decaprenylphosphoryl-beta-D-ribose oxidase,83332,Active,,Activity,,,,
"{'action_type': 'INHIBITOR', 'description': 'Negatively effects (inhibits) the normal functioning of the protein e.g., prevention of enzymatic reaction or activation of downstream pathway', 'parent_type': 'NEGATIVE MODULATOR'}",,22794126,"[{'comments': None, 'relation': '=', 'result_flag': 0, 'standard_relation': '=', 'standard_text_value': None, 'standard_type': 'TIME', 'standard_units': 'hr', 'standard_value': '24.0', 'text_value': None, 'type': 'Time', 'units': 'hrs', 'value': '24.0'}]",CHEMBL4710429,Inhibition of Mycobacterium tuberculosis H37Rv DprE1 assessed as increase in trehalose dimycolates at 10 x MIC preincubated for 24 hrs using [14C]acetate by TLC based metabolic labelling assay relative to control,B,,,BAO_0000375,BAO_0000357,single protein format,NC(=O)/C=C/c1cc(C(F)(F)F)cc2c(=O)nc(N3CCN(CC4CCCCC4)CC3)sc12,,,CHEMBL4706562,Eur J Med Chem,2020,,,CHEMBL4763381,,CHEMBL4763381,,0,,3539539,,1,0,,Active,Activity,,,,CHEMBL3804751,Mycobacterium tuberculosis (strain ATCC 25618 / H37Rv),Decaprenylphosphoryl-beta-D-ribose oxidase,83332,Active,,Activity,,,,
"{'action_type': 'INHIBITOR', 'description': 'Negatively effects (inhibits) the normal functioning of the protein e.g., prevention of enzymatic reaction or activation of downstream pathway', 'parent_type': 'NEGATIVE MODULATOR'}",,22794127,"[{'comments': None, 'relation': '=', 'result_flag': 0, 'standard_relation': '=', 'standard_text_value': None, 'standard_type': 'TIME', 'standard_units': 'hr', 'standard_value': '24.0', 'text_value': None, 'type': 'Time', 'units': 'hrs', 'value': '24.0'}]",CHEMBL4710429,Inhibition of Mycobacterium tuberculosis H37Rv DprE1 assessed as increase in trehalose dimycolates at 10 x MIC preincubated for 24 hrs using [14C]acetate by TLC based metabolic labelling assay relative to control,B,,,BAO_0000375,BAO_0000357,single protein format,O=c1nc(N2CCN(CC3CCCCC3)CC2)sc2c(Cl)cc(C(F)(F)F)cc12,,,CHEMBL4706562,Eur J Med Chem,2020,,,CHEMBL4798070,,CHEMBL4798070,,0,,3539530,,1,0,,Active,Activity,,,,CHEMBL3804751,Mycobacterium tuberculosis (strain ATCC 25618 / H37Rv),Decaprenylphosphoryl-beta-D-ribose oxidase,83332,Active,,Activity,,,,
"{'action_type': 'INHIBITOR', 'description': 'Negatively effects (inhibits) the normal functioning of the protein e.g., prevention of enzymatic reaction or activation of downstream pathway', 'parent_type': 'NEGATIVE MODULATOR'}",,22794128,"[{'comments': None, 'relation': '=', 'result_flag': 0, 'standard_relation': '=', 'standard_text_value': None, 'standard_type': 'TIME', 'standard_units': 'hr', 'standard_value': '24.0', 'text_value': None, 'type': 'Time', 'units': 'hrs', 'value': '24.0'}]",CHEMBL4710429,Inhibition of Mycobacterium tuberculosis H37Rv DprE1 assessed as increase in trehalose dimycolates at 10 x MIC preincubated for 24 hrs using [14C]acetate by TLC based metabolic labelling assay relative to control,B,,,BAO_0000375,BAO_0000357,single protein format,O=c1nc(N2CCN(CC3CCCCC3)CC2)sc2c(Br)cc(C(F)(F)F)cc12,,,CHEMBL4706562,Eur J Med Chem,2020,,,CHEMBL4787991,,CHEMBL4787991,,0,,3539531,,1,0,,Active,Activity,,,,CHEMBL3804751,Mycobacterium tuberculosis (strain ATCC 25618 / H37Rv),Decaprenylphosphoryl-beta-D-ribose oxidase,83332,Active,,Activity,,,,
"{'action_type': 'INHIBITOR', 'description': 'Negatively effects (inhibits) the normal functioning of the protein e.g., prevention of enzymatic reaction or activation of downstream pathway', 'parent_type': 'NEGATIVE MODULATOR'}",,22794129,"[{'comments': None, 'relation': '=', 'result_flag': 0, 'standard_relation': '=', 'standard_text_value': None, 'standard_type': 'TIME', 'standard_units': 'hr', 'standard_value': '24.0', 'text_value': None, 'type': 'Time', 'units': 'hrs', 'value': '24.0'}]",CHEMBL4710430,Inhibition of Mycobacterium tuberculosis H37Rv DprE1 assessed as increase in trehalose monomycolates at 10 x MIC preincubated for 24 hrs using [14C]acetate by TLC based metabolic labelling assay relative to control,B,,,BAO_0000375,BAO_0000357,single protein format,COC(=O)/C=C/c1cc(C(F)(F)F)cc2c(=O)nc(N3CCN(CC4CCCCC4)CC3)sc12,,,CHEMBL4706562,Eur J Med Chem,2020,,,CHEMBL4764258,,CHEMBL4764258,,0,,3539538,,1,0,,Active,Activity,,,,CHEMBL3804751,Mycobacterium tuberculosis (strain ATCC 25618 / H37Rv),Decaprenylphosphoryl-beta-D-ribose oxidase,83332,Active,,Activity,,,,
"{'action_type': 'INHIBITOR', 'description': 'Negatively effects (inhibits) the normal functioning of the protein e.g., prevention of enzymatic reaction or activation of downstream pathway', 'parent_type': 'NEGATIVE MODULATOR'}",,22794130,"[{'comments': None, 'relation': '=', 'result_flag': 0, 'standard_relation': '=', 'standard_text_value': None, 'standard_type': 'TIME', 'standard_units': 'hr', 'standard_value': '24.0', 'text_value': None, 'type': 'Time', 'units': 'hrs', 'value': '24.0'}]",CHEMBL4710430,Inhibition of Mycobacterium tuberculosis H37Rv DprE1 assessed as increase in trehalose monomycolates at 10 x MIC preincubated for 24 hrs using [14C]acetate by TLC based metabolic labelling assay relative to control,B,,,BAO_0000375,BAO_0000357,single protein format,COC(=O)C#Cc1cc(C(F)(F)F)cc2c(=O)nc(N3CCN(CC4CCCCC4)CC3)sc12,,,CHEMBL4706562,Eur J Med Chem,2020,,,CHEMBL4752208,,CHEMBL4752208,,0,,3539543,,1,0,,Active,Activity,,,,CHEMBL3804751,Mycobacterium tuberculosis (strain ATCC 25618 / H37Rv),Decaprenylphosphoryl-beta-D-ribose oxidase,83332,Active,,Activity,,,,
"{'action_type': 'INHIBITOR', 'description': 'Negatively effects (inhibits) the normal functioning of the protein e.g., prevention of enzymatic reaction or activation of downstream pathway', 'parent_type': 'NEGATIVE MODULATOR'}",,22794131,"[{'comments': None, 'relation': '=', 'result_flag': 0, 'standard_relation': '=', 'standard_text_value': None, 'standard_type': 'TIME', 'standard_units': 'hr', 'standard_value': '24.0', 'text_value': None, 'type': 'Time', 'units': 'hrs', 'value': '24.0'}]",CHEMBL4710430,Inhibition of Mycobacterium tuberculosis H37Rv DprE1 assessed as increase in trehalose monomycolates at 10 x MIC preincubated for 24 hrs using [14C]acetate by TLC based metabolic labelling assay relative to control,B,,,BAO_0000375,BAO_0000357,single protein format,NC(=O)/C=C/c1cc(C(F)(F)F)cc2c(=O)nc(N3CCN(CC4CCCCC4)CC3)sc12,,,CHEMBL4706562,Eur J Med Chem,2020,,,CHEMBL4763381,,CHEMBL4763381,,0,,3539539,,1,0,,Active,Activity,,,,CHEMBL3804751,Mycobacterium tuberculosis (strain ATCC 25618 / H37Rv),Decaprenylphosphoryl-beta-D-ribose oxidase,83332,Active,,Activity,,,,
"{'action_type': 'INHIBITOR', 'description': 'Negatively effects (inhibits) the normal functioning of the protein e.g., prevention of enzymatic reaction or activation of downstream pathway', 'parent_type': 'NEGATIVE MODULATOR'}",,22794132,"[{'comments': None, 'relation': '=', 'result_flag': 0, 'standard_relation': '=', 'standard_text_value': None, 'standard_type': 'TIME', 'standard_units': 'hr', 'standard_value': '24.0', 'text_value': None, 'type': 'Time', 'units': 'hrs', 'value': '24.0'}]",CHEMBL4710430,Inhibition of Mycobacterium tuberculosis H37Rv DprE1 assessed as increase in trehalose monomycolates at 10 x MIC preincubated for 24 hrs using [14C]acetate by TLC based metabolic labelling assay relative to control,B,,,BAO_0000375,BAO_0000357,single protein format,O=c1nc(N2CCN(CC3CCCCC3)CC2)sc2c(Cl)cc(C(F)(F)F)cc12,,,CHEMBL4706562,Eur J Med Chem,2020,,,CHEMBL4798070,,CHEMBL4798070,,0,,3539530,,1,0,,Active,Activity,,,,CHEMBL3804751,Mycobacterium tuberculosis (strain ATCC 25618 / H37Rv),Decaprenylphosphoryl-beta-D-ribose oxidase,83332,Active,,Activity,,,,
"{'action_type': 'INHIBITOR', 'description': 'Negatively effects (inhibits) the normal functioning of the protein e.g., prevention of enzymatic reaction or activation of downstream pathway', 'parent_type': 'NEGATIVE MODULATOR'}",,22794133,"[{'comments': None, 'relation': '=', 'result_flag': 0, 'standard_relation': '=', 'standard_text_value': None, 'standard_type': 'TIME', 'standard_units': 'hr', 'standard_value': '24.0', 'text_value': None, 'type': 'Time', 'units': 'hrs', 'value': '24.0'}]",CHEMBL4710430,Inhibition of Mycobacterium tuberculosis H37Rv DprE1 assessed as increase in trehalose monomycolates at 10 x MIC preincubated for 24 hrs using [14C]acetate by TLC based metabolic labelling assay relative to control,B,,,BAO_0000375,BAO_0000357,single protein format,O=c1nc(N2CCN(CC3CCCCC3)CC2)sc2c(Br)cc(C(F)(F)F)cc12,,,CHEMBL4706562,Eur J Med Chem,2020,,,CHEMBL4787991,,CHEMBL4787991,,0,,3539531,,1,0,,Active,Activity,,,,CHEMBL3804751,Mycobacterium tuberculosis (strain ATCC 25618 / H37Rv),Decaprenylphosphoryl-beta-D-ribose oxidase,83332,Active,,Activity,,,,
"{'action_type': 'INHIBITOR', 'description': 'Negatively effects (inhibits) the normal functioning of the protein e.g., prevention of enzymatic reaction or activation of downstream pathway', 'parent_type': 'NEGATIVE MODULATOR'}",,23252295,[],CHEMBL4831382,Inhibition of Mycobacterium tuberculosis recombinant DprE1 expressed in Escherichia coli assessed as formation of resorufin using FPR as substrate by Amplex Red hydrogen/peroxidase coupled assay,B,,,BAO_0000190,BAO_0000019,assay format,CN(Cc1cn(-c2ccccc2)nn1)c1nc(=O)c2cc(S(C)(=O)=O)cc([N+](=O)[O-])c2s1,,,CHEMBL4828770,J Med Chem,2021,"{'bei': '12.93', 'le': '0.26', 'lle': '3.92', 'sei': '4.33'}",,CHEMBL4877319,,CHEMBL4877319,6.11,0,http://www.openphacts.org/units/Nanomolar,3617170,=,1,1,=,,IC50,nM,,780.0,CHEMBL3804751,Mycobacterium tuberculosis (strain ATCC 25618 / H37Rv),Decaprenylphosphoryl-beta-D-ribose oxidase,83332,,,IC50,uM,UO_0000065,,0.78
"{'action_type': 'INHIBITOR', 'description': 'Negatively effects (inhibits) the normal functioning of the protein e.g., prevention of enzymatic reaction or activation of downstream pathway', 'parent_type': 'NEGATIVE MODULATOR'}",,23252296,[],CHEMBL4831382,Inhibition of Mycobacterium tuberculosis recombinant DprE1 expressed in Escherichia coli assessed as formation of resorufin using FPR as substrate by Amplex Red hydrogen/peroxidase coupled assay,B,,,BAO_0000190,BAO_0000019,assay format,CN(Cc1nnc(-c2ccccc2)o1)c1nc(=O)c2cc(S(C)(=O)=O)cc([N+](=O)[O-])c2s1,,,CHEMBL4828770,J Med Chem,2021,"{'bei': '11.99', 'le': '0.24', 'lle': '3.03', 'sei': '3.80'}",,CHEMBL4854807,,CHEMBL4854807,5.68,0,http://www.openphacts.org/units/Nanomolar,3617199,=,1,1,=,,IC50,nM,,2100.0,CHEMBL3804751,Mycobacterium tuberculosis (strain ATCC 25618 / H37Rv),Decaprenylphosphoryl-beta-D-ribose oxidase,83332,,,IC50,uM,UO_0000065,,2.1
"{'action_type': 'INHIBITOR', 'description': 'Negatively effects (inhibits) the normal functioning of the protein e.g., prevention of enzymatic reaction or activation of downstream pathway', 'parent_type': 'NEGATIVE MODULATOR'}",,23252297,[],CHEMBL4831382,Inhibition of Mycobacterium tuberculosis recombinant DprE1 expressed in Escherichia coli assessed as formation of resorufin using FPR as substrate by Amplex Red hydrogen/peroxidase coupled assay,B,,,BAO_0000190,BAO_0000019,assay format,CN(Cc1coc(-c2ccccc2)n1)c1nc(=O)c2cc(S(C)(=O)=O)cc([N+](=O)[O-])c2s1,,,CHEMBL4828770,J Med Chem,2021,"{'bei': '12.76', 'le': '0.26', 'lle': '2.77', 'sei': '4.41'}",,CHEMBL4859629,,CHEMBL4859629,6.03,0,http://www.openphacts.org/units/Nanomolar,3617205,=,1,1,=,,IC50,nM,,940.0,CHEMBL3804751,Mycobacterium tuberculosis (strain ATCC 25618 / H37Rv),Decaprenylphosphoryl-beta-D-ribose oxidase,83332,,,IC50,uM,UO_0000065,,0.94
"{'action_type': 'INHIBITOR', 'description': 'Negatively effects (inhibits) the normal functioning of the protein e.g., prevention of enzymatic reaction or activation of downstream pathway', 'parent_type': 'NEGATIVE MODULATOR'}",,23252298,"[{'comments': None, 'relation': '=', 'result_flag': 0, 'standard_relation': '=', 'standard_text_value': None, 'standard_type': 'TIME', 'standard_units': 'hr', 'standard_value': '24.0', 'text_value': None, 'type': 'Time', 'units': 'hrs', 'value': '24.0'}]",CHEMBL4831383,Inhibition of Mycobacterium tuberculosis H37Rv DprE1 assessed as increase in trehalose monomycolates accumulation at 100 x MIC incubated for 24 hrs using [14C]acetate by TLC based metabolic labelling assay,B,,,BAO_0000375,BAO_0000357,single protein format,CN(Cc1cn(-c2ccccc2)nn1)c1nc(=O)c2cc(S(C)(=O)=O)cc([N+](=O)[O-])c2s1,,,CHEMBL4828770,J Med Chem,2021,,,CHEMBL4877319,,CHEMBL4877319,,0,,3617170,,1,0,,Active,Activity,,,,CHEMBL3804751,Mycobacterium tuberculosis (strain ATCC 25618 / H37Rv),Decaprenylphosphoryl-beta-D-ribose oxidase,83332,Active,,Activity,,,,
"{'action_type': 'INHIBITOR', 'description': 'Negatively effects (inhibits) the normal functioning of the protein e.g., prevention of enzymatic reaction or activation of downstream pathway', 'parent_type': 'NEGATIVE MODULATOR'}",,23252299,"[{'comments': None, 'relation': '=', 'result_flag': 0, 'standard_relation': '=', 'standard_text_value': None, 'standard_type': 'TIME', 'standard_units': 'hr', 'standard_value': '24.0', 'text_value': None, 'type': 'Time', 'units': 'hrs', 'value': '24.0'}]",CHEMBL4831383,Inhibition of Mycobacterium tuberculosis H37Rv DprE1 assessed as increase in trehalose monomycolates accumulation at 100 x MIC incubated for 24 hrs using [14C]acetate by TLC based metabolic labelling assay,B,,,BAO_0000375,BAO_0000357,single protein format,CN(Cc1nnc(-c2ccccc2)o1)c1nc(=O)c2cc(S(C)(=O)=O)cc([N+](=O)[O-])c2s1,,,CHEMBL4828770,J Med Chem,2021,,,CHEMBL4854807,,CHEMBL4854807,,0,,3617199,,1,0,,Active,Activity,,,,CHEMBL3804751,Mycobacterium tuberculosis (strain ATCC 25618 / H37Rv),Decaprenylphosphoryl-beta-D-ribose oxidase,83332,Active,,Activity,,,,
"{'action_type': 'INHIBITOR', 'description': 'Negatively effects (inhibits) the normal functioning of the protein e.g., prevention of enzymatic reaction or activation of downstream pathway', 'parent_type': 'NEGATIVE MODULATOR'}",,23252300,"[{'comments': None, 'relation': '=', 'result_flag': 0, 'standard_relation': '=', 'standard_text_value': None, 'standard_type': 'TIME', 'standard_units': 'hr', 'standard_value': '24.0', 'text_value': None, 'type': 'Time', 'units': 'hrs', 'value': '24.0'}]",CHEMBL4831384,Inhibition of Mycobacterium tuberculosis H37Rv DprE1 assessed as increase in trehalose dimycolates accumulation at 100 x MIC incubated for 24 hrs using [14C]acetate by TLC based metabolic labelling assay,B,,,BAO_0000375,BAO_0000357,single protein format,CN(Cc1cn(-c2ccccc2)nn1)c1nc(=O)c2cc(S(C)(=O)=O)cc([N+](=O)[O-])c2s1,,,CHEMBL4828770,J Med Chem,2021,,,CHEMBL4877319,,CHEMBL4877319,,0,,3617170,,1,0,,Active,Activity,,,,CHEMBL3804751,Mycobacterium tuberculosis (strain ATCC 25618 / H37Rv),Decaprenylphosphoryl-beta-D-ribose oxidase,83332,Active,,Activity,,,,
"{'action_type': 'INHIBITOR', 'description': 'Negatively effects (inhibits) the normal functioning of the protein e.g., prevention of enzymatic reaction or activation of downstream pathway', 'parent_type': 'NEGATIVE MODULATOR'}",,23252301,"[{'comments': None, 'relation': '=', 'result_flag': 0, 'standard_relation': '=', 'standard_text_value': None, 'standard_type': 'TIME', 'standard_units': 'hr', 'standard_value': '24.0', 'text_value': None, 'type': 'Time', 'units': 'hrs', 'value': '24.0'}]",CHEMBL4831384,Inhibition of Mycobacterium tuberculosis H37Rv DprE1 assessed as increase in trehalose dimycolates accumulation at 100 x MIC incubated for 24 hrs using [14C]acetate by TLC based metabolic labelling assay,B,,,BAO_0000375,BAO_0000357,single protein format,CN(Cc1nnc(-c2ccccc2)o1)c1nc(=O)c2cc(S(C)(=O)=O)cc([N+](=O)[O-])c2s1,,,CHEMBL4828770,J Med Chem,2021,,,CHEMBL4854807,,CHEMBL4854807,,0,,3617199,,1,0,,Active,Activity,,,,CHEMBL3804751,Mycobacterium tuberculosis (strain ATCC 25618 / H37Rv),Decaprenylphosphoryl-beta-D-ribose oxidase,83332,Active,,Activity,,,,
"{'action_type': 'INHIBITOR', 'description': 'Negatively effects (inhibits) the normal functioning of the protein e.g., prevention of enzymatic reaction or activation of downstream pathway', 'parent_type': 'NEGATIVE MODULATOR'}",,23253664,"[{'comments': None, 'relation': '=', 'result_flag': 0, 'standard_relation': '=', 'standard_text_value': None, 'standard_type': 'TIME', 'standard_units': 'hr', 'standard_value': '168.0', 'text_value': None, 'type': 'Time', 'units': 'day', 'value': '7.0'}]",CHEMBL4831682,Non-covalent inhibition of DprE1 in Mycobacterium tuberculosis H37Rv measured after 7 days by microplate Alamar blue assay,B,,,BAO_0002146,BAO_0000357,single protein format,CCOC(=O)NC(=O)c1ccsc1NC(=O)c1ccc(C(=O)N2CCCCC2)cc1,,,CHEMBL4831479,J Med Chem,2021,,,CHEMBL4873922,,CHEMBL4873922,,0,http://www.openphacts.org/units/MicrogramPerMilliliter,3617443,=,1,1,=,,MIC,ug.mL-1,,0.055,CHEMBL3804751,Mycobacterium tuberculosis (strain ATCC 25618 / H37Rv),Decaprenylphosphoryl-beta-D-ribose oxidase,83332,,,MIC,ug ml-1,UO_0000274,,0.055
"{'action_type': 'INHIBITOR', 'description': 'Negatively effects (inhibits) the normal functioning of the protein e.g., prevention of enzymatic reaction or activation of downstream pathway', 'parent_type': 'NEGATIVE MODULATOR'}",,23253665,"[{'comments': None, 'relation': '=', 'result_flag': 0, 'standard_relation': '=', 'standard_text_value': None, 'standard_type': 'TIME', 'standard_units': 'hr', 'standard_value': '168.0', 'text_value': None, 'type': 'Time', 'units': 'day', 'value': '7.0'}]",CHEMBL4831682,Non-covalent inhibition of DprE1 in Mycobacterium tuberculosis H37Rv measured after 7 days by microplate Alamar blue assay,B,,,BAO_0002146,BAO_0000357,single protein format,CCOC(=O)NC(=O)c1ccsc1NC(=O)c1ccc(C(=O)N2CCCCC2)c(F)c1,,,CHEMBL4831479,J Med Chem,2021,,,CHEMBL4858566,,CHEMBL4858566,,0,http://www.openphacts.org/units/MicrogramPerMilliliter,3617456,=,1,1,=,,MIC,ug.mL-1,,0.02,CHEMBL3804751,Mycobacterium tuberculosis (strain ATCC 25618 / H37Rv),Decaprenylphosphoryl-beta-D-ribose oxidase,83332,,,MIC,ug ml-1,UO_0000274,,0.02
"{'action_type': 'INHIBITOR', 'description': 'Negatively effects (inhibits) the normal functioning of the protein e.g., prevention of enzymatic reaction or activation of downstream pathway', 'parent_type': 'NEGATIVE MODULATOR'}",,23253666,"[{'comments': None, 'relation': '=', 'result_flag': 0, 'standard_relation': '=', 'standard_text_value': None, 'standard_type': 'TIME', 'standard_units': 'hr', 'standard_value': '168.0', 'text_value': None, 'type': 'Time', 'units': 'day', 'value': '7.0'}]",CHEMBL4831682,Non-covalent inhibition of DprE1 in Mycobacterium tuberculosis H37Rv measured after 7 days by microplate Alamar blue assay,B,,,BAO_0002146,BAO_0000357,single protein format,CCOC(=O)NC(=O)c1ccsc1NC(=O)c1ccc(C(=O)N2CCCCC2)s1,,,CHEMBL4831479,J Med Chem,2021,,,CHEMBL4877637,,CHEMBL4877637,,0,http://www.openphacts.org/units/MicrogramPerMilliliter,3617460,=,1,1,=,,MIC,ug.mL-1,,0.059,CHEMBL3804751,Mycobacterium tuberculosis (strain ATCC 25618 / H37Rv),Decaprenylphosphoryl-beta-D-ribose oxidase,83332,,,MIC,ug ml-1,UO_0000274,,0.059000000000000004
"{'action_type': 'INHIBITOR', 'description': 'Negatively effects (inhibits) the normal functioning of the protein e.g., prevention of enzymatic reaction or activation of downstream pathway', 'parent_type': 'NEGATIVE MODULATOR'}",,23253667,"[{'comments': None, 'relation': '=', 'result_flag': 0, 'standard_relation': '=', 'standard_text_value': None, 'standard_type': 'TIME', 'standard_units': 'hr', 'standard_value': '168.0', 'text_value': None, 'type': 'Time', 'units': 'day', 'value': '7.0'}]",CHEMBL4831682,Non-covalent inhibition of DprE1 in Mycobacterium tuberculosis H37Rv measured after 7 days by microplate Alamar blue assay,B,,,BAO_0002146,BAO_0000357,single protein format,CCOC(=O)NC(=O)c1ccsc1NC(=O)c1coc(C(=O)N2CCCCC2)c1,,,CHEMBL4831479,J Med Chem,2021,,,CHEMBL4879071,,CHEMBL4879071,,0,http://www.openphacts.org/units/MicrogramPerMilliliter,3617461,=,1,1,=,,MIC,ug.mL-1,,0.15,CHEMBL3804751,Mycobacterium tuberculosis (strain ATCC 25618 / H37Rv),Decaprenylphosphoryl-beta-D-ribose oxidase,83332,,,MIC,ug ml-1,UO_0000274,,0.15
"{'action_type': 'INHIBITOR', 'description': 'Negatively effects (inhibits) the normal functioning of the protein e.g., prevention of enzymatic reaction or activation of downstream pathway', 'parent_type': 'NEGATIVE MODULATOR'}",,23253668,"[{'comments': None, 'relation': '=', 'result_flag': 0, 'standard_relation': '=', 'standard_text_value': None, 'standard_type': 'TIME', 'standard_units': 'hr', 'standard_value': '168.0', 'text_value': None, 'type': 'Time', 'units': 'day', 'value': '7.0'}]",CHEMBL4831682,Non-covalent inhibition of DprE1 in Mycobacterium tuberculosis H37Rv measured after 7 days by microplate Alamar blue assay,B,,,BAO_0002146,BAO_0000357,single protein format,COC(=O)NC(=O)c1ccsc1NC(=O)c1ccc(C(=O)N2CCCCC2)cc1,,,CHEMBL4831479,J Med Chem,2021,,,CHEMBL4865471,,CHEMBL4865471,,0,http://www.openphacts.org/units/MicrogramPerMilliliter,3617463,=,1,1,=,,MIC,ug.mL-1,,0.12,CHEMBL3804751,Mycobacterium tuberculosis (strain ATCC 25618 / H37Rv),Decaprenylphosphoryl-beta-D-ribose oxidase,83332,,,MIC,ug ml-1,UO_0000274,,0.12
"{'action_type': 'INHIBITOR', 'description': 'Negatively effects (inhibits) the normal functioning of the protein e.g., prevention of enzymatic reaction or activation of downstream pathway', 'parent_type': 'NEGATIVE MODULATOR'}",,23253669,"[{'comments': None, 'relation': '=', 'result_flag': 0, 'standard_relation': '=', 'standard_text_value': None, 'standard_type': 'TIME', 'standard_units': 'hr', 'standard_value': '168.0', 'text_value': None, 'type': 'Time', 'units': 'day', 'value': '7.0'}]",CHEMBL4831682,Non-covalent inhibition of DprE1 in Mycobacterium tuberculosis H37Rv measured after 7 days by microplate Alamar blue assay,B,,,BAO_0002146,BAO_0000357,single protein format,COC(=O)NC(=O)c1ccsc1NC(=O)c1ccc(C(=O)N2CCCCC2)c(F)c1,,,CHEMBL4831479,J Med Chem,2021,,,CHEMBL4848357,,CHEMBL4848357,,0,http://www.openphacts.org/units/MicrogramPerMilliliter,3617464,=,1,1,=,,MIC,ug.mL-1,,0.03,CHEMBL3804751,Mycobacterium tuberculosis (strain ATCC 25618 / H37Rv),Decaprenylphosphoryl-beta-D-ribose oxidase,83332,,,MIC,ug ml-1,UO_0000274,,0.03
"{'action_type': 'INHIBITOR', 'description': 'Negatively effects (inhibits) the normal functioning of the protein e.g., prevention of enzymatic reaction or activation of downstream pathway', 'parent_type': 'NEGATIVE MODULATOR'}",,23253670,"[{'comments': None, 'relation': '=', 'result_flag': 0, 'standard_relation': '=', 'standard_text_value': None, 'standard_type': 'TIME', 'standard_units': 'hr', 'standard_value': '168.0', 'text_value': None, 'type': 'Time', 'units': 'day', 'value': '7.0'}]",CHEMBL4831682,Non-covalent inhibition of DprE1 in Mycobacterium tuberculosis H37Rv measured after 7 days by microplate Alamar blue assay,B,,,BAO_0002146,BAO_0000357,single protein format,O=C(Nc1sccc1C(=O)Nc1nccc(C(F)(F)F)n1)c1ccc(C(=O)N2CCCCC2)cc1,,,CHEMBL4831479,J Med Chem,2021,,,CHEMBL4857182,,CHEMBL4857182,,0,http://www.openphacts.org/units/MicrogramPerMilliliter,3617474,=,1,1,=,,MIC,ug.mL-1,,0.2,CHEMBL3804751,Mycobacterium tuberculosis (strain ATCC 25618 / H37Rv),Decaprenylphosphoryl-beta-D-ribose oxidase,83332,,,MIC,ug ml-1,UO_0000274,,0.2
"{'action_type': 'INHIBITOR', 'description': 'Negatively effects (inhibits) the normal functioning of the protein e.g., prevention of enzymatic reaction or activation of downstream pathway', 'parent_type': 'NEGATIVE MODULATOR'}",,23253671,"[{'comments': None, 'relation': '=', 'result_flag': 0, 'standard_relation': '=', 'standard_text_value': None, 'standard_type': 'TIME', 'standard_units': 'hr', 'standard_value': '168.0', 'text_value': None, 'type': 'Time', 'units': 'day', 'value': '7.0'}]",CHEMBL4831682,Non-covalent inhibition of DprE1 in Mycobacterium tuberculosis H37Rv measured after 7 days by microplate Alamar blue assay,B,,,BAO_0002146,BAO_0000357,single protein format,COc1nc2ccc(Br)cc2cc1[C@@H](c1ccccc1)[C@@](O)(CCN(C)C)c1cccc2ccccc12,,,CHEMBL4831479,J Med Chem,2021,,,CHEMBL376488,BEDAQUILINE,CHEMBL376488,,0,http://www.openphacts.org/units/MicrogramPerMilliliter,3617483,=,1,1,=,,MIC,ug.mL-1,,0.036,CHEMBL3804751,Mycobacterium tuberculosis (strain ATCC 25618 / H37Rv),Decaprenylphosphoryl-beta-D-ribose oxidase,83332,,,MIC,ug ml-1,UO_0000274,,0.036000000000000004
"{'action_type': 'INHIBITOR', 'description': 'Negatively effects (inhibits) the normal functioning of the protein e.g., prevention of enzymatic reaction or activation of downstream pathway', 'parent_type': 'NEGATIVE MODULATOR'}",,23253672,"[{'comments': None, 'relation': '=', 'result_flag': 0, 'standard_relation': '=', 'standard_text_value': None, 'standard_type': 'TIME', 'standard_units': 'hr', 'standard_value': '168.0', 'text_value': None, 'type': 'Time', 'units': 'day', 'value': '7.0'}]",CHEMBL4831682,Non-covalent inhibition of DprE1 in Mycobacterium tuberculosis H37Rv measured after 7 days by microplate Alamar blue assay,B,,,BAO_0002146,BAO_0000357,single protein format,NNC(=O)c1ccncc1,,,CHEMBL4831479,J Med Chem,2021,,,CHEMBL64,ISONIAZID,CHEMBL64,,0,http://www.openphacts.org/units/MicrogramPerMilliliter,3617480,=,1,1,=,,MIC,ug.mL-1,,0.019,CHEMBL3804751,Mycobacterium tuberculosis (strain ATCC 25618 / H37Rv),Decaprenylphosphoryl-beta-D-ribose oxidase,83332,,,MIC,ug ml-1,UO_0000274,,0.019
"{'action_type': 'INHIBITOR', 'description': 'Negatively effects (inhibits) the normal functioning of the protein e.g., prevention of enzymatic reaction or activation of downstream pathway', 'parent_type': 'NEGATIVE MODULATOR'}",,23253673,"[{'comments': None, 'relation': '=', 'result_flag': 0, 'standard_relation': '=', 'standard_text_value': None, 'standard_type': 'TIME', 'standard_units': 'hr', 'standard_value': '168.0', 'text_value': None, 'type': 'Time', 'units': 'day', 'value': '7.0'}]",CHEMBL4831682,Non-covalent inhibition of DprE1 in Mycobacterium tuberculosis H37Rv measured after 7 days by microplate Alamar blue assay,B,,,BAO_0002146,BAO_0000357,single protein format,O=c1nc(N2CCN(CC3CCCCC3)CC2)sc2c([N+](=O)[O-])cc(C(F)(F)F)cc12,Outside typical range,"Values for this activity type are unusually large/small, so may not be accurate",CHEMBL4831479,J Med Chem,2021,,,CHEMBL3330226,MACOZINONE,CHEMBL3330226,,0,http://www.openphacts.org/units/MicrogramPerMilliliter,3617482,=,1,1,=,,MIC,ug.mL-1,,0.0001,CHEMBL3804751,Mycobacterium tuberculosis (strain ATCC 25618 / H37Rv),Decaprenylphosphoryl-beta-D-ribose oxidase,83332,,,MIC,ug ml-1,UO_0000274,,0.0001
"{'action_type': 'INHIBITOR', 'description': 'Negatively effects (inhibits) the normal functioning of the protein e.g., prevention of enzymatic reaction or activation of downstream pathway', 'parent_type': 'NEGATIVE MODULATOR'}",,23253674,"[{'comments': None, 'relation': '=', 'result_flag': 0, 'standard_relation': '=', 'standard_text_value': None, 'standard_type': 'TIME', 'standard_units': 'hr', 'standard_value': '168.0', 'text_value': None, 'type': 'Time', 'units': 'day', 'value': '7.0'}]",CHEMBL4831682,Non-covalent inhibition of DprE1 in Mycobacterium tuberculosis H37Rv measured after 7 days by microplate Alamar blue assay,B,,,BAO_0002146,BAO_0000357,single protein format,CO[C@H]1/C=C/O[C@@]2(C)Oc3c(C)c(O)c4c(O)c(c(/C=N/N5CCN(C)CC5)c(O)c4c3C2=O)NC(=O)/C(C)=C\C=C\[C@H](C)[C@H](O)[C@@H](C)[C@@H](O)[C@@H](C)[C@H](OC(C)=O)[C@@H]1C,,,CHEMBL4831479,J Med Chem,2021,,,CHEMBL374478,RIFAMPIN,CHEMBL374478,,0,http://www.openphacts.org/units/MicrogramPerMilliliter,3617481,=,1,1,=,,MIC,ug.mL-1,,0.015,CHEMBL3804751,Mycobacterium tuberculosis (strain ATCC 25618 / H37Rv),Decaprenylphosphoryl-beta-D-ribose oxidase,83332,,,MIC,ug ml-1,UO_0000274,,0.015
"{'action_type': 'INHIBITOR', 'description': 'Negatively effects (inhibits) the normal functioning of the protein e.g., prevention of enzymatic reaction or activation of downstream pathway', 'parent_type': 'NEGATIVE MODULATOR'}",,23253675,"[{'comments': None, 'relation': '=', 'result_flag': 0, 'standard_relation': '=', 'standard_text_value': None, 'standard_type': 'TIME', 'standard_units': 'hr', 'standard_value': '168.0', 'text_value': None, 'type': 'Time', 'units': 'day', 'value': '7.0'}]",CHEMBL4831682,Non-covalent inhibition of DprE1 in Mycobacterium tuberculosis H37Rv measured after 7 days by microplate Alamar blue assay,B,,,BAO_0002146,BAO_0000357,single protein format,CCOC(=O)NC(=O)c1ccsc1NC(=O)c1nc2ccccc2s1,,,CHEMBL4831479,J Med Chem,2021,,,CHEMBL3262462,,CHEMBL3262462,,0,http://www.openphacts.org/units/MicrogramPerMilliliter,3617450,=,1,1,=,,MIC,ug.mL-1,,0.47,CHEMBL3804751,Mycobacterium tuberculosis (strain ATCC 25618 / H37Rv),Decaprenylphosphoryl-beta-D-ribose oxidase,83332,,,MIC,ug ml-1,UO_0000274,,0.47
"{'action_type': 'INHIBITOR', 'description': 'Negatively effects (inhibits) the normal functioning of the protein e.g., prevention of enzymatic reaction or activation of downstream pathway', 'parent_type': 'NEGATIVE MODULATOR'}",,23253838,[],CHEMBL4831718,Inhibition of Mycobacterium tuberculosis H37Rv DprE1 using FAD as substrate by resazurin based assay,B,,,BAO_0000190,BAO_0000357,single protein format,CCOC(=O)NC(=O)c1ccsc1NC(=O)c1ccc(C(=O)N2CCCCC2)cc1,,,CHEMBL4831479,J Med Chem,2021,,,CHEMBL4873922,,CHEMBL4873922,,0,http://www.openphacts.org/units/MicrogramPerMilliliter,3617443,=,1,1,=,,IC50,ug.mL-1,,0.3,CHEMBL3804751,Mycobacterium tuberculosis (strain ATCC 25618 / H37Rv),Decaprenylphosphoryl-beta-D-ribose oxidase,83332,,,IC50,ug ml-1,UO_0000274,,0.3
"{'action_type': 'INHIBITOR', 'description': 'Negatively effects (inhibits) the normal functioning of the protein e.g., prevention of enzymatic reaction or activation of downstream pathway', 'parent_type': 'NEGATIVE MODULATOR'}",,23253839,[],CHEMBL4831718,Inhibition of Mycobacterium tuberculosis H37Rv DprE1 using FAD as substrate by resazurin based assay,B,,,BAO_0000190,BAO_0000357,single protein format,CCOC(=O)NC(=O)c1ccsc1NC(=O)c1ccc(C(=O)N2CCCCC2)c(F)c1,,,CHEMBL4831479,J Med Chem,2021,,,CHEMBL4858566,,CHEMBL4858566,,0,http://www.openphacts.org/units/MicrogramPerMilliliter,3617456,=,1,1,=,,IC50,ug.mL-1,,0.2,CHEMBL3804751,Mycobacterium tuberculosis (strain ATCC 25618 / H37Rv),Decaprenylphosphoryl-beta-D-ribose oxidase,83332,,,IC50,ug ml-1,UO_0000274,,0.2
"{'action_type': 'INHIBITOR', 'description': 'Negatively effects (inhibits) the normal functioning of the protein e.g., prevention of enzymatic reaction or activation of downstream pathway', 'parent_type': 'NEGATIVE MODULATOR'}",,23253840,[],CHEMBL4831718,Inhibition of Mycobacterium tuberculosis H37Rv DprE1 using FAD as substrate by resazurin based assay,B,,,BAO_0000190,BAO_0000357,single protein format,CCOC(=O)NC(=O)c1ccsc1NC(=O)c1ccc(C(=O)N2CCCCC2)s1,,,CHEMBL4831479,J Med Chem,2021,,,CHEMBL4877637,,CHEMBL4877637,,0,http://www.openphacts.org/units/MicrogramPerMilliliter,3617460,=,1,1,=,,IC50,ug.mL-1,,0.3,CHEMBL3804751,Mycobacterium tuberculosis (strain ATCC 25618 / H37Rv),Decaprenylphosphoryl-beta-D-ribose oxidase,83332,,,IC50,ug ml-1,UO_0000274,,0.3
"{'action_type': 'INHIBITOR', 'description': 'Negatively effects (inhibits) the normal functioning of the protein e.g., prevention of enzymatic reaction or activation of downstream pathway', 'parent_type': 'NEGATIVE MODULATOR'}",,23253841,[],CHEMBL4831718,Inhibition of Mycobacterium tuberculosis H37Rv DprE1 using FAD as substrate by resazurin based assay,B,,,BAO_0000190,BAO_0000357,single protein format,COC(=O)NC(=O)c1ccsc1NC(=O)c1ccc(C(=O)N2CCCCC2)cc1,,,CHEMBL4831479,J Med Chem,2021,,,CHEMBL4865471,,CHEMBL4865471,,0,http://www.openphacts.org/units/MicrogramPerMilliliter,3617463,=,1,1,=,,IC50,ug.mL-1,,0.9,CHEMBL3804751,Mycobacterium tuberculosis (strain ATCC 25618 / H37Rv),Decaprenylphosphoryl-beta-D-ribose oxidase,83332,,,IC50,ug ml-1,UO_0000274,,0.9
"{'action_type': 'INHIBITOR', 'description': 'Negatively effects (inhibits) the normal functioning of the protein e.g., prevention of enzymatic reaction or activation of downstream pathway', 'parent_type': 'NEGATIVE MODULATOR'}",,23253842,[],CHEMBL4831718,Inhibition of Mycobacterium tuberculosis H37Rv DprE1 using FAD as substrate by resazurin based assay,B,,,BAO_0000190,BAO_0000357,single protein format,COC(=O)NC(=O)c1ccsc1NC(=O)c1ccc(C(=O)N2CCCCC2)c(F)c1,,,CHEMBL4831479,J Med Chem,2021,,,CHEMBL4848357,,CHEMBL4848357,,0,http://www.openphacts.org/units/MicrogramPerMilliliter,3617464,=,1,1,=,,IC50,ug.mL-1,,0.4,CHEMBL3804751,Mycobacterium tuberculosis (strain ATCC 25618 / H37Rv),Decaprenylphosphoryl-beta-D-ribose oxidase,83332,,,IC50,ug ml-1,UO_0000274,,0.4
"{'action_type': 'INHIBITOR', 'description': 'Negatively effects (inhibits) the normal functioning of the protein e.g., prevention of enzymatic reaction or activation of downstream pathway', 'parent_type': 'NEGATIVE MODULATOR'}",,23253843,[],CHEMBL4831718,Inhibition of Mycobacterium tuberculosis H37Rv DprE1 using FAD as substrate by resazurin based assay,B,,,BAO_0000190,BAO_0000357,single protein format,O=C(Nc1sccc1C(=O)Nc1nccc(C(F)(F)F)n1)c1ccc(C(=O)N2CCCCC2)cc1,,,CHEMBL4831479,J Med Chem,2021,,,CHEMBL4857182,,CHEMBL4857182,,0,http://www.openphacts.org/units/MicrogramPerMilliliter,3617474,=,1,1,=,,IC50,ug.mL-1,,0.4,CHEMBL3804751,Mycobacterium tuberculosis (strain ATCC 25618 / H37Rv),Decaprenylphosphoryl-beta-D-ribose oxidase,83332,,,IC50,ug ml-1,UO_0000274,,0.4
"{'action_type': 'INHIBITOR', 'description': 'Negatively effects (inhibits) the normal functioning of the protein e.g., prevention of enzymatic reaction or activation of downstream pathway', 'parent_type': 'NEGATIVE MODULATOR'}",,23253844,[],CHEMBL4831718,Inhibition of Mycobacterium tuberculosis H37Rv DprE1 using FAD as substrate by resazurin based assay,B,,,BAO_0000190,BAO_0000357,single protein format,CCOC(=O)NC(=O)c1ccsc1NC(=O)c1nc2ccccc2s1,,,CHEMBL4831479,J Med Chem,2021,,,CHEMBL3262462,,CHEMBL3262462,,0,http://www.openphacts.org/units/MicrogramPerMilliliter,3617450,=,1,1,=,,IC50,ug.mL-1,,0.1,CHEMBL3804751,Mycobacterium tuberculosis (strain ATCC 25618 / H37Rv),Decaprenylphosphoryl-beta-D-ribose oxidase,83332,,,IC50,ug ml-1,UO_0000274,,0.1
"{'action_type': 'INHIBITOR', 'description': 'Negatively effects (inhibits) the normal functioning of the protein e.g., prevention of enzymatic reaction or activation of downstream pathway', 'parent_type': 'NEGATIVE MODULATOR'}",,24427244,[],CHEMBL5050652,Inhibition of Mycobacterium tuberculosis H37Rv recombinant DprE1 expressed in Escherichia coli assessed as formation of resorufin using FPR as substrate by Amplex Red hydrogen/peroxidase coupled assay,B,,,BAO_0000190,BAO_0000019,assay format,CS(=O)(=O)c1cc([N+](=O)[O-])c2sc(N3CCN(CC4CCCCC4)CC3)nc(=O)c2c1,,,CHEMBL5046318,ACS Med Chem Lett,2022,"{'bei': '15.65', 'le': '0.32', 'lle': '4.63', 'sei': '6.42'}",,CHEMBL4868912,,CHEMBL4868912,7.30,0,http://www.openphacts.org/units/Nanomolar,3785461,=,1,1,=,,IC50,nM,,50.0,CHEMBL3804751,Mycobacterium tuberculosis (strain ATCC 25618 / H37Rv),Decaprenylphosphoryl-beta-D-ribose oxidase,83332,,,IC50,uM,UO_0000065,,0.05
"{'action_type': 'INHIBITOR', 'description': 'Negatively effects (inhibits) the normal functioning of the protein e.g., prevention of enzymatic reaction or activation of downstream pathway', 'parent_type': 'NEGATIVE MODULATOR'}",,24427245,[],CHEMBL5050652,Inhibition of Mycobacterium tuberculosis H37Rv recombinant DprE1 expressed in Escherichia coli assessed as formation of resorufin using FPR as substrate by Amplex Red hydrogen/peroxidase coupled assay,B,,,BAO_0000190,BAO_0000019,assay format,CS(=O)(=O)c1cc([N+](=O)[O-])c2sc(N3CCN(CC4CCC(F)(F)CC4)CC3)nc(=O)c2c1,,,CHEMBL5046318,ACS Med Chem Lett,2022,"{'bei': '11.86', 'le': '0.25', 'lle': '3.04', 'sei': '5.24'}",,CHEMBL5077135,,CHEMBL5077135,5.96,0,http://www.openphacts.org/units/Nanomolar,3785462,=,1,1,=,,IC50,nM,,1100.0,CHEMBL3804751,Mycobacterium tuberculosis (strain ATCC 25618 / H37Rv),Decaprenylphosphoryl-beta-D-ribose oxidase,83332,,,IC50,uM,UO_0000065,,1.1
"{'action_type': 'INHIBITOR', 'description': 'Negatively effects (inhibits) the normal functioning of the protein e.g., prevention of enzymatic reaction or activation of downstream pathway', 'parent_type': 'NEGATIVE MODULATOR'}",,24427246,[],CHEMBL5050652,Inhibition of Mycobacterium tuberculosis H37Rv recombinant DprE1 expressed in Escherichia coli assessed as formation of resorufin using FPR as substrate by Amplex Red hydrogen/peroxidase coupled assay,B,,,BAO_0000190,BAO_0000019,assay format,CS(=O)(=O)c1cc([N+](=O)[O-])c2sc(N3CCN(CC4CCOCC4)CC3)nc(=O)c2c1,,,CHEMBL5046318,ACS Med Chem Lett,2022,"{'bei': '10.64', 'le': '0.22', 'lle': '3.47', 'sei': '4.06'}",,CHEMBL5080370,,CHEMBL5080370,4.99,0,http://www.openphacts.org/units/Nanomolar,3785463,=,1,1,=,,IC50,nM,,10300.0,CHEMBL3804751,Mycobacterium tuberculosis (strain ATCC 25618 / H37Rv),Decaprenylphosphoryl-beta-D-ribose oxidase,83332,,,IC50,uM,UO_0000065,,10.3
"{'action_type': 'INHIBITOR', 'description': 'Negatively effects (inhibits) the normal functioning of the protein e.g., prevention of enzymatic reaction or activation of downstream pathway', 'parent_type': 'NEGATIVE MODULATOR'}",,24427247,[],CHEMBL5050652,Inhibition of Mycobacterium tuberculosis H37Rv recombinant DprE1 expressed in Escherichia coli assessed as formation of resorufin using FPR as substrate by Amplex Red hydrogen/peroxidase coupled assay,B,,,BAO_0000190,BAO_0000019,assay format,CS(=O)(=O)c1cc([N+](=O)[O-])c2sc(N3CCN(CC4CCCCC4)C4(CC4)C3)nc(=O)c2c1,,,CHEMBL5046318,ACS Med Chem Lett,2022,"{'bei': '10.98', 'le': '0.22', 'lle': '2.21', 'sei': '4.76'}",,CHEMBL5069638,,CHEMBL5069638,5.41,0,http://www.openphacts.org/units/Nanomolar,3785468,=,1,1,=,,IC50,nM,,3900.0,CHEMBL3804751,Mycobacterium tuberculosis (strain ATCC 25618 / H37Rv),Decaprenylphosphoryl-beta-D-ribose oxidase,83332,,,IC50,uM,UO_0000065,,3.9
"{'action_type': 'INHIBITOR', 'description': 'Negatively effects (inhibits) the normal functioning of the protein e.g., prevention of enzymatic reaction or activation of downstream pathway', 'parent_type': 'NEGATIVE MODULATOR'}",,24427248,[],CHEMBL5050652,Inhibition of Mycobacterium tuberculosis H37Rv recombinant DprE1 expressed in Escherichia coli assessed as formation of resorufin using FPR as substrate by Amplex Red hydrogen/peroxidase coupled assay,B,,,BAO_0000190,BAO_0000019,assay format,CS(=O)(=O)c1cc([N+](=O)[O-])c2sc(N3CCCN(CC4CCCCC4)CC3)nc(=O)c2c1,,,CHEMBL5046318,ACS Med Chem Lett,2022,"{'bei': '12.40', 'le': '0.25', 'lle': '2.90', 'sei': '5.24'}",,CHEMBL5085596,,CHEMBL5085596,5.96,0,http://www.openphacts.org/units/Nanomolar,3785471,=,1,1,=,,IC50,nM,,1100.0,CHEMBL3804751,Mycobacterium tuberculosis (strain ATCC 25618 / H37Rv),Decaprenylphosphoryl-beta-D-ribose oxidase,83332,,,IC50,uM,UO_0000065,,1.1
"{'action_type': 'INHIBITOR', 'description': 'Negatively effects (inhibits) the normal functioning of the protein e.g., prevention of enzymatic reaction or activation of downstream pathway', 'parent_type': 'NEGATIVE MODULATOR'}",,24427249,[],CHEMBL5050652,Inhibition of Mycobacterium tuberculosis H37Rv recombinant DprE1 expressed in Escherichia coli assessed as formation of resorufin using FPR as substrate by Amplex Red hydrogen/peroxidase coupled assay,B,,,BAO_0000190,BAO_0000019,assay format,CS(=O)(=O)c1cc([N+](=O)[O-])c2sc(N3CCCN(CC4CCCC4)CC3)nc(=O)c2c1,,,CHEMBL5046318,ACS Med Chem Lett,2022,"{'bei': '11.48', 'le': '0.24', 'lle': '2.69', 'sei': '4.71'}",,CHEMBL5085726,,CHEMBL5085726,5.36,0,http://www.openphacts.org/units/Nanomolar,3785472,=,1,1,=,,IC50,nM,,4400.0,CHEMBL3804751,Mycobacterium tuberculosis (strain ATCC 25618 / H37Rv),Decaprenylphosphoryl-beta-D-ribose oxidase,83332,,,IC50,uM,UO_0000065,,4.4
"{'action_type': 'INHIBITOR', 'description': 'Negatively effects (inhibits) the normal functioning of the protein e.g., prevention of enzymatic reaction or activation of downstream pathway', 'parent_type': 'NEGATIVE MODULATOR'}",,24427250,[],CHEMBL5050652,Inhibition of Mycobacterium tuberculosis H37Rv recombinant DprE1 expressed in Escherichia coli assessed as formation of resorufin using FPR as substrate by Amplex Red hydrogen/peroxidase coupled assay,B,,,BAO_0000190,BAO_0000019,assay format,CC(C)CN1CCCN(c2nc(=O)c3cc(S(C)(=O)=O)cc([N+](=O)[O-])c3s2)CC1,,,CHEMBL5046318,ACS Med Chem Lett,2022,"{'bei': '13.36', 'le': '0.28', 'lle': '3.75', 'sei': '5.18'}",,CHEMBL5076451,,CHEMBL5076451,5.89,0,http://www.openphacts.org/units/Nanomolar,3785473,=,1,1,=,,IC50,nM,,1300.0,CHEMBL3804751,Mycobacterium tuberculosis (strain ATCC 25618 / H37Rv),Decaprenylphosphoryl-beta-D-ribose oxidase,83332,,,IC50,uM,UO_0000065,,1.3
"{'action_type': 'INHIBITOR', 'description': 'Negatively effects (inhibits) the normal functioning of the protein e.g., prevention of enzymatic reaction or activation of downstream pathway', 'parent_type': 'NEGATIVE MODULATOR'}",,24427251,[],CHEMBL5050652,Inhibition of Mycobacterium tuberculosis H37Rv recombinant DprE1 expressed in Escherichia coli assessed as formation of resorufin using FPR as substrate by Amplex Red hydrogen/peroxidase coupled assay,B,,,BAO_0000190,BAO_0000019,assay format,CS(=O)(=O)c1cc([N+](=O)[O-])c2sc(N3CCN(S(=O)(=O)C4CC4)CC3)nc(=O)c2c1,,,CHEMBL5046318,ACS Med Chem Lett,2022,"{'bei': '10.85', 'le': '0.23', 'lle': '4.57', 'sei': '3.48'}",,CHEMBL5070993,,CHEMBL5070993,5.15,0,http://www.openphacts.org/units/Nanomolar,3785480,=,1,1,=,,IC50,nM,,7100.0,CHEMBL3804751,Mycobacterium tuberculosis (strain ATCC 25618 / H37Rv),Decaprenylphosphoryl-beta-D-ribose oxidase,83332,,,IC50,uM,UO_0000065,,7.1
"{'action_type': 'INHIBITOR', 'description': 'Negatively effects (inhibits) the normal functioning of the protein e.g., prevention of enzymatic reaction or activation of downstream pathway', 'parent_type': 'NEGATIVE MODULATOR'}",,24427252,[],CHEMBL5050652,Inhibition of Mycobacterium tuberculosis H37Rv recombinant DprE1 expressed in Escherichia coli assessed as formation of resorufin using FPR as substrate by Amplex Red hydrogen/peroxidase coupled assay,B,,,BAO_0000190,BAO_0000019,assay format,CCCCS(=O)(=O)N1CCN(c2nc(=O)c3cc(S(C)(=O)=O)cc([N+](=O)[O-])c3s2)CC1,,,CHEMBL5046318,ACS Med Chem Lett,2022,"{'bei': '11.93', 'le': '0.26', 'lle': '4.63', 'sei': '3.96'}",,CHEMBL5088462,,CHEMBL5088462,5.85,0,http://www.openphacts.org/units/Nanomolar,3785481,=,1,1,=,,IC50,nM,,1400.0,CHEMBL3804751,Mycobacterium tuberculosis (strain ATCC 25618 / H37Rv),Decaprenylphosphoryl-beta-D-ribose oxidase,83332,,,IC50,uM,UO_0000065,,1.4
"{'action_type': 'INHIBITOR', 'description': 'Negatively effects (inhibits) the normal functioning of the protein e.g., prevention of enzymatic reaction or activation of downstream pathway', 'parent_type': 'NEGATIVE MODULATOR'}",,24427253,[],CHEMBL5050652,Inhibition of Mycobacterium tuberculosis H37Rv recombinant DprE1 expressed in Escherichia coli assessed as formation of resorufin using FPR as substrate by Amplex Red hydrogen/peroxidase coupled assay,B,,,BAO_0000190,BAO_0000019,assay format,CCS(=O)(=O)N1CCN(c2nc(=O)c3cc(S(C)(=O)=O)cc([N+](=O)[O-])c3s2)CC1,,,CHEMBL5046318,ACS Med Chem Lett,2022,"{'bei': '11.19', 'le': '0.24', 'lle': '4.73', 'sei': '3.50'}",,CHEMBL5090912,,CHEMBL5090912,5.17,0,http://www.openphacts.org/units/Nanomolar,3785482,=,1,1,=,,IC50,nM,,6700.0,CHEMBL3804751,Mycobacterium tuberculosis (strain ATCC 25618 / H37Rv),Decaprenylphosphoryl-beta-D-ribose oxidase,83332,,,IC50,uM,UO_0000065,,6.7
"{'action_type': 'INHIBITOR', 'description': 'Negatively effects (inhibits) the normal functioning of the protein e.g., prevention of enzymatic reaction or activation of downstream pathway', 'parent_type': 'NEGATIVE MODULATOR'}",,24427254,[],CHEMBL5050652,Inhibition of Mycobacterium tuberculosis H37Rv recombinant DprE1 expressed in Escherichia coli assessed as formation of resorufin using FPR as substrate by Amplex Red hydrogen/peroxidase coupled assay,B,,,BAO_0000190,BAO_0000019,assay format,CS(=O)(=O)c1cc([N+](=O)[O-])c2sc(N3CCCN(S(=O)(=O)C4CC4)CC3)nc(=O)c2c1,,,CHEMBL5046318,ACS Med Chem Lett,2022,"{'bei': '9.78', 'le': '0.21', 'lle': '3.81', 'sei': '3.23'}",,CHEMBL5082957,,CHEMBL5082957,4.78,0,http://www.openphacts.org/units/Nanomolar,3785486,=,1,1,=,,IC50,nM,,16700.0,CHEMBL3804751,Mycobacterium tuberculosis (strain ATCC 25618 / H37Rv),Decaprenylphosphoryl-beta-D-ribose oxidase,83332,,,IC50,uM,UO_0000065,,16.7
"{'action_type': 'INHIBITOR', 'description': 'Negatively effects (inhibits) the normal functioning of the protein e.g., prevention of enzymatic reaction or activation of downstream pathway', 'parent_type': 'NEGATIVE MODULATOR'}",,24427255,[],CHEMBL5050652,Inhibition of Mycobacterium tuberculosis H37Rv recombinant DprE1 expressed in Escherichia coli assessed as formation of resorufin using FPR as substrate by Amplex Red hydrogen/peroxidase coupled assay,B,,,BAO_0000190,BAO_0000019,assay format,O=c1nc(N2CCN(CC3CCCCC3)CC2)sc2c([N+](=O)[O-])cc(C(F)(F)F)cc12,,,CHEMBL5046318,ACS Med Chem Lett,2022,"{'bei': '17.53', 'le': '0.35', 'lle': '3.71', 'sei': '10.05'}",,CHEMBL3330226,MACOZINONE,CHEMBL3330226,8.00,1,http://www.openphacts.org/units/Nanomolar,3785489,=,1,1,=,,IC50,nM,,10.0,CHEMBL3804751,Mycobacterium tuberculosis (strain ATCC 25618 / H37Rv),Decaprenylphosphoryl-beta-D-ribose oxidase,83332,,,IC50,uM,UO_0000065,,0.01
"{'action_type': 'INHIBITOR', 'description': 'Negatively effects (inhibits) the normal functioning of the protein e.g., prevention of enzymatic reaction or activation of downstream pathway', 'parent_type': 'NEGATIVE MODULATOR'}",,24835005,"[{'comments': None, 'relation': '=', 'result_flag': 0, 'standard_relation': '=', 'standard_text_value': None, 'standard_type': 'TIME', 'standard_units': 'hr', 'standard_value': '0.1667', 'text_value': None, 'type': 'Time', 'units': 'min', 'value': '10.0'}]",CHEMBL5144258,Inhibition of Mycobacterium tuberculosis wild type DprE1 expressed in Escherichia coli BL21 DE3 assessed as formation of resorufin using FPR as substrate incubated for 10 mins by Amplex Red dye microplate assay,B,,,BAO_0000190,BAO_0000019,assay format,CCOC(=O)NC(=O)c1ccsc1NC(=O)c1nc2ccccc2s1,,,CHEMBL5143519,Eur J Med Chem,2022,"{'bei': '19.38', 'le': '0.40', 'lle': '3.78', 'sei': '7.47'}",,CHEMBL3262462,,CHEMBL3262462,7.28,0,http://www.openphacts.org/units/Nanomolar,3878878,=,1,1,=,,IC50,nM,,53.0,CHEMBL3804751,Mycobacterium tuberculosis (strain ATCC 25618 / H37Rv),Decaprenylphosphoryl-beta-D-ribose oxidase,83332,,,IC50,uM,UO_0000065,,0.053
"{'action_type': 'INHIBITOR', 'description': 'Negatively effects (inhibits) the normal functioning of the protein e.g., prevention of enzymatic reaction or activation of downstream pathway', 'parent_type': 'NEGATIVE MODULATOR'}",,24835006,"[{'comments': None, 'relation': '=', 'result_flag': 0, 'standard_relation': '=', 'standard_text_value': None, 'standard_type': 'TIME', 'standard_units': 'hr', 'standard_value': '0.1667', 'text_value': None, 'type': 'Time', 'units': 'min', 'value': '10.0'}]",CHEMBL5144258,Inhibition of Mycobacterium tuberculosis wild type DprE1 expressed in Escherichia coli BL21 DE3 assessed as formation of resorufin using FPR as substrate incubated for 10 mins by Amplex Red dye microplate assay,B,,,BAO_0000190,BAO_0000019,assay format,O=C(NC(=O)c1ccsc1NC(=O)c1nc2ccccc2s1)OCC1CC1,,,CHEMBL5143519,Eur J Med Chem,2022,"{'bei': '19.93', 'le': '0.40', 'lle': '4.11', 'sei': '8.21'}",,CHEMBL5180878,,CHEMBL5180878,8.00,0,http://www.openphacts.org/units/Nanomolar,3878880,=,1,1,=,,IC50,nM,,10.0,CHEMBL3804751,Mycobacterium tuberculosis (strain ATCC 25618 / H37Rv),Decaprenylphosphoryl-beta-D-ribose oxidase,83332,,,IC50,uM,UO_0000065,,0.01
"{'action_type': 'INHIBITOR', 'description': 'Negatively effects (inhibits) the normal functioning of the protein e.g., prevention of enzymatic reaction or activation of downstream pathway', 'parent_type': 'NEGATIVE MODULATOR'}",,24835007,"[{'comments': None, 'relation': '=', 'result_flag': 0, 'standard_relation': '=', 'standard_text_value': None, 'standard_type': 'TIME', 'standard_units': 'hr', 'standard_value': '0.1667', 'text_value': None, 'type': 'Time', 'units': 'min', 'value': '10.0'}]",CHEMBL5144258,Inhibition of Mycobacterium tuberculosis wild type DprE1 expressed in Escherichia coli BL21 DE3 assessed as formation of resorufin using FPR as substrate incubated for 10 mins by Amplex Red dye microplate assay,B,,,BAO_0000190,BAO_0000019,assay format,O=C(NC(=O)c1ccsc1NC(=O)c1nc2ccccc2s1)OCC1CCC1,,,CHEMBL5143519,Eur J Med Chem,2022,"{'bei': '16.87', 'le': '0.34', 'lle': '2.73', 'sei': '7.20'}",,CHEMBL5197700,,CHEMBL5197700,7.01,0,http://www.openphacts.org/units/Nanomolar,3878881,=,1,1,=,,IC50,nM,,98.0,CHEMBL3804751,Mycobacterium tuberculosis (strain ATCC 25618 / H37Rv),Decaprenylphosphoryl-beta-D-ribose oxidase,83332,,,IC50,uM,UO_0000065,,0.098
"{'action_type': 'INHIBITOR', 'description': 'Negatively effects (inhibits) the normal functioning of the protein e.g., prevention of enzymatic reaction or activation of downstream pathway', 'parent_type': 'NEGATIVE MODULATOR'}",,24835008,"[{'comments': None, 'relation': '=', 'result_flag': 0, 'standard_relation': '=', 'standard_text_value': None, 'standard_type': 'TIME', 'standard_units': 'hr', 'standard_value': '0.1667', 'text_value': None, 'type': 'Time', 'units': 'min', 'value': '10.0'}]",CHEMBL5144258,Inhibition of Mycobacterium tuberculosis wild type DprE1 expressed in Escherichia coli BL21 DE3 assessed as formation of resorufin using FPR as substrate incubated for 10 mins by Amplex Red dye microplate assay,B,,,BAO_0000190,BAO_0000019,assay format,CC(=O)c1ccc(C(=O)Nc2sccc2C(=O)NC(=O)OCC2CC2)cc1,,,CHEMBL5143519,Eur J Med Chem,2022,"{'bei': '15.31', 'le': '0.30', 'lle': '2.44', 'sei': '5.83'}",,CHEMBL5200489,,CHEMBL5200489,5.92,0,http://www.openphacts.org/units/Nanomolar,3878882,=,1,1,=,,IC50,nM,,1210.0,CHEMBL3804751,Mycobacterium tuberculosis (strain ATCC 25618 / H37Rv),Decaprenylphosphoryl-beta-D-ribose oxidase,83332,,,IC50,uM,UO_0000065,,1.21
"{'action_type': 'INHIBITOR', 'description': 'Negatively effects (inhibits) the normal functioning of the protein e.g., prevention of enzymatic reaction or activation of downstream pathway', 'parent_type': 'NEGATIVE MODULATOR'}",,24835009,"[{'comments': None, 'relation': '=', 'result_flag': 0, 'standard_relation': '=', 'standard_text_value': None, 'standard_type': 'TIME', 'standard_units': 'hr', 'standard_value': '0.1667', 'text_value': None, 'type': 'Time', 'units': 'min', 'value': '10.0'}]",CHEMBL5144258,Inhibition of Mycobacterium tuberculosis wild type DprE1 expressed in Escherichia coli BL21 DE3 assessed as formation of resorufin using FPR as substrate incubated for 10 mins by Amplex Red dye microplate assay,B,,,BAO_0000190,BAO_0000019,assay format,O=C(NC(=O)c1ccsc1NC(=O)c1nc2ccccc2s1)OCC1CCCC1,,,CHEMBL5143519,Eur J Med Chem,2022,"{'bei': '10.83', 'le': '0.22', 'lle': '-0.02', 'sei': '4.77'}",,CHEMBL5205192,,CHEMBL5205192,4.65,0,http://www.openphacts.org/units/Nanomolar,3878884,=,1,1,=,,IC50,nM,,22380.0,CHEMBL3804751,Mycobacterium tuberculosis (strain ATCC 25618 / H37Rv),Decaprenylphosphoryl-beta-D-ribose oxidase,83332,,,IC50,uM,UO_0000065,,22.38
,,24835010,"[{'comments': None, 'relation': '=', 'result_flag': 0, 'standard_relation': '=', 'standard_text_value': None, 'standard_type': 'TIME', 'standard_units': 'hr', 'standard_value': '0.1667', 'text_value': None, 'type': 'Time', 'units': 'min', 'value': '10.0'}]",CHEMBL5144258,Inhibition of Mycobacterium tuberculosis wild type DprE1 expressed in Escherichia coli BL21 DE3 assessed as formation of resorufin using FPR as substrate incubated for 10 mins by Amplex Red dye microplate assay,B,,,BAO_0000190,BAO_0000019,assay format,O=C(NC(=O)c1ccsc1NC(=O)c1nc2ccccc2s1)OCC1CCCCC1,,,CHEMBL5143519,Eur J Med Chem,2022,,,CHEMBL5172812,,CHEMBL5172812,,0,http://www.openphacts.org/units/Nanomolar,3878885,>,1,1,>,,IC50,nM,,64000.0,CHEMBL3804751,Mycobacterium tuberculosis (strain ATCC 25618 / H37Rv),Decaprenylphosphoryl-beta-D-ribose oxidase,83332,,,IC50,uM,UO_0000065,,64.0
"{'action_type': 'INHIBITOR', 'description': 'Negatively effects (inhibits) the normal functioning of the protein e.g., prevention of enzymatic reaction or activation of downstream pathway', 'parent_type': 'NEGATIVE MODULATOR'}",,24835011,"[{'comments': None, 'relation': '=', 'result_flag': 0, 'standard_relation': '=', 'standard_text_value': None, 'standard_type': 'TIME', 'standard_units': 'hr', 'standard_value': '0.1667', 'text_value': None, 'type': 'Time', 'units': 'min', 'value': '10.0'}]",CHEMBL5144258,Inhibition of Mycobacterium tuberculosis wild type DprE1 expressed in Escherichia coli BL21 DE3 assessed as formation of resorufin using FPR as substrate incubated for 10 mins by Amplex Red dye microplate assay,B,,,BAO_0000190,BAO_0000019,assay format,O=C(NC(=O)c1ccsc1NC(=O)c1nc2ccccc2s1)OC1CCC1,,,CHEMBL5143519,Eur J Med Chem,2022,"{'bei': '11.78', 'le': '0.24', 'lle': '0.70', 'sei': '4.86'}",,CHEMBL5205539,,CHEMBL5205539,4.73,0,http://www.openphacts.org/units/Nanomolar,3878886,=,1,1,=,,IC50,nM,,18570.0,CHEMBL3804751,Mycobacterium tuberculosis (strain ATCC 25618 / H37Rv),Decaprenylphosphoryl-beta-D-ribose oxidase,83332,,,IC50,uM,UO_0000065,,18.57
,,24835012,"[{'comments': None, 'relation': '=', 'result_flag': 0, 'standard_relation': '=', 'standard_text_value': None, 'standard_type': 'TIME', 'standard_units': 'hr', 'standard_value': '0.1667', 'text_value': None, 'type': 'Time', 'units': 'min', 'value': '10.0'}]",CHEMBL5144258,Inhibition of Mycobacterium tuberculosis wild type DprE1 expressed in Escherichia coli BL21 DE3 assessed as formation of resorufin using FPR as substrate incubated for 10 mins by Amplex Red dye microplate assay,B,,,BAO_0000190,BAO_0000019,assay format,CCOC(=O)NC(=O)c1ccsc1NC(=O)c1ccc(C#N)cc1,,,CHEMBL5143519,Eur J Med Chem,2022,,,CHEMBL5171896,,CHEMBL5171896,,0,http://www.openphacts.org/units/Nanomolar,3878887,>,1,1,>,,IC50,nM,,64000.0,CHEMBL3804751,Mycobacterium tuberculosis (strain ATCC 25618 / H37Rv),Decaprenylphosphoryl-beta-D-ribose oxidase,83332,,,IC50,uM,UO_0000065,,64.0
"{'action_type': 'INHIBITOR', 'description': 'Negatively effects (inhibits) the normal functioning of the protein e.g., prevention of enzymatic reaction or activation of downstream pathway', 'parent_type': 'NEGATIVE MODULATOR'}",,24835013,"[{'comments': None, 'relation': '=', 'result_flag': 0, 'standard_relation': '=', 'standard_text_value': None, 'standard_type': 'TIME', 'standard_units': 'hr', 'standard_value': '0.1667', 'text_value': None, 'type': 'Time', 'units': 'min', 'value': '10.0'}]",CHEMBL5144258,Inhibition of Mycobacterium tuberculosis wild type DprE1 expressed in Escherichia coli BL21 DE3 assessed as formation of resorufin using FPR as substrate incubated for 10 mins by Amplex Red dye microplate assay,B,,,BAO_0000190,BAO_0000019,assay format,CCOC(=O)NC(=O)c1ccsc1NC(=O)c1ccc(C(C)=O)cc1,,,CHEMBL5143519,Eur J Med Chem,2022,"{'bei': '12.32', 'le': '0.24', 'lle': '1.35', 'sei': '4.37'}",,CHEMBL5184622,,CHEMBL5184622,4.44,0,http://www.openphacts.org/units/Nanomolar,3878888,=,1,1,=,,IC50,nM,,36430.0,CHEMBL3804751,Mycobacterium tuberculosis (strain ATCC 25618 / H37Rv),Decaprenylphosphoryl-beta-D-ribose oxidase,83332,,,IC50,uM,UO_0000065,,36.43
"{'action_type': 'INHIBITOR', 'description': 'Negatively effects (inhibits) the normal functioning of the protein e.g., prevention of enzymatic reaction or activation of downstream pathway', 'parent_type': 'NEGATIVE MODULATOR'}",,24835014,"[{'comments': None, 'relation': '=', 'result_flag': 0, 'standard_relation': '=', 'standard_text_value': None, 'standard_type': 'TIME', 'standard_units': 'hr', 'standard_value': '0.1667', 'text_value': None, 'type': 'Time', 'units': 'min', 'value': '10.0'}]",CHEMBL5144258,Inhibition of Mycobacterium tuberculosis wild type DprE1 expressed in Escherichia coli BL21 DE3 assessed as formation of resorufin using FPR as substrate incubated for 10 mins by Amplex Red dye microplate assay,B,,,BAO_0000190,BAO_0000019,assay format,CCOC(=O)NC(=O)c1ccsc1NC(=O)c1ccc(C#N)cn1,,,CHEMBL5143519,Eur J Med Chem,2022,"{'bei': '12.73', 'le': '0.25', 'lle': '2.23', 'sei': '3.62'}",,CHEMBL5174140,,CHEMBL5174140,4.38,0,http://www.openphacts.org/units/Nanomolar,3878889,=,1,1,=,,IC50,nM,,41240.0,CHEMBL3804751,Mycobacterium tuberculosis (strain ATCC 25618 / H37Rv),Decaprenylphosphoryl-beta-D-ribose oxidase,83332,,,IC50,uM,UO_0000065,,41.24
"{'action_type': 'INHIBITOR', 'description': 'Negatively effects (inhibits) the normal functioning of the protein e.g., prevention of enzymatic reaction or activation of downstream pathway', 'parent_type': 'NEGATIVE MODULATOR'}",,24835015,"[{'comments': None, 'relation': '=', 'result_flag': 0, 'standard_relation': '=', 'standard_text_value': None, 'standard_type': 'TIME', 'standard_units': 'hr', 'standard_value': '0.1667', 'text_value': None, 'type': 'Time', 'units': 'min', 'value': '10.0'}]",CHEMBL5144258,Inhibition of Mycobacterium tuberculosis wild type DprE1 expressed in Escherichia coli BL21 DE3 assessed as formation of resorufin using FPR as substrate incubated for 10 mins by Amplex Red dye microplate assay,B,,,BAO_0000190,BAO_0000019,assay format,N#Cc1ccc(C(=O)Nc2sccc2C(=O)NC(=O)OCC2CC2)cc1,,,CHEMBL5143519,Eur J Med Chem,2022,"{'bei': '12.79', 'le': '0.25', 'lle': '1.57', 'sei': '4.36'}",,CHEMBL5204853,,CHEMBL5204853,4.72,0,http://www.openphacts.org/units/Nanomolar,3878890,=,1,1,=,,IC50,nM,,18870.0,CHEMBL3804751,Mycobacterium tuberculosis (strain ATCC 25618 / H37Rv),Decaprenylphosphoryl-beta-D-ribose oxidase,83332,,,IC50,uM,UO_0000065,,18.87
"{'action_type': 'INHIBITOR', 'description': 'Negatively effects (inhibits) the normal functioning of the protein e.g., prevention of enzymatic reaction or activation of downstream pathway', 'parent_type': 'NEGATIVE MODULATOR'}",,24835016,"[{'comments': None, 'relation': '=', 'result_flag': 0, 'standard_relation': '=', 'standard_text_value': None, 'standard_type': 'TIME', 'standard_units': 'hr', 'standard_value': '0.1667', 'text_value': None, 'type': 'Time', 'units': 'min', 'value': '10.0'}]",CHEMBL5144258,Inhibition of Mycobacterium tuberculosis wild type DprE1 expressed in Escherichia coli BL21 DE3 assessed as formation of resorufin using FPR as substrate incubated for 10 mins by Amplex Red dye microplate assay,B,,,BAO_0000190,BAO_0000019,assay format,N#Cc1ccc(C(=O)Nc2sccc2C(=O)NC(=O)OCC2CC2)nc1,,,CHEMBL5143519,Eur J Med Chem,2022,"{'bei': '13.33', 'le': '0.26', 'lle': '2.40', 'sei': '4.07'}",,CHEMBL5172070,,CHEMBL5172070,4.94,0,http://www.openphacts.org/units/Nanomolar,3878891,=,1,1,=,,IC50,nM,,11540.0,CHEMBL3804751,Mycobacterium tuberculosis (strain ATCC 25618 / H37Rv),Decaprenylphosphoryl-beta-D-ribose oxidase,83332,,,IC50,uM,UO_0000065,,11.54
"{'action_type': 'INHIBITOR', 'description': 'Negatively effects (inhibits) the normal functioning of the protein e.g., prevention of enzymatic reaction or activation of downstream pathway', 'parent_type': 'NEGATIVE MODULATOR'}",,24890105,[],CHEMBL5158266,Inhibition of recombinant Mycobacterium tuberculosis DprE1 measured by resazurin dye based assay,B,,,BAO_0000190,BAO_0000357,single protein format,COC(=O)NC(=O)c1ccsc1NC(=O)c1ccc(S(=O)(=O)N2CCCCC2)cc1,,,CHEMBL5154717,Eur J Med Chem,2022,,,CHEMBL5185220,,CHEMBL5185220,,0,http://www.openphacts.org/units/MicrogramPerMilliliter,3890057,=,1,1,=,,IC50,ug.mL-1,,0.1,CHEMBL3804751,Mycobacterium tuberculosis (strain ATCC 25618 / H37Rv),Decaprenylphosphoryl-beta-D-ribose oxidase,83332,,,IC50,ug ml-1,UO_0000274,,0.1
"{'action_type': 'INHIBITOR', 'description': 'Negatively effects (inhibits) the normal functioning of the protein e.g., prevention of enzymatic reaction or activation of downstream pathway', 'parent_type': 'NEGATIVE MODULATOR'}",,25113034,[],CHEMBL5265610,Inhibition of Mycobacterium tuberculosis H37Rv DprE1 assessed as formation of resorufin using farnesyl-phosphoryl-beta-D-ribofuranose by AmplexRed reagent based fluorescence assay,B,,,BAO_0000190,BAO_0000357,single protein format,C[C@H]1COC2(CCN(c3nc(=O)c4cc(C(F)(F)F)cc(-n5cccc5)c4s3)CC2)O1,,,CHEMBL5260858,Bioorg Med Chem,2023,,,CHEMBL4587211,,CHEMBL4587211,,1,http://www.openphacts.org/units/Nanomolar,3939676,<,1,1,<,,IC50,nM,,8000.0,CHEMBL3804751,Mycobacterium tuberculosis (strain ATCC 25618 / H37Rv),Decaprenylphosphoryl-beta-D-ribose oxidase,83332,,,IC50,uM,UO_0000065,,8.0
"{'action_type': 'INHIBITOR', 'description': 'Negatively effects (inhibits) the normal functioning of the protein e.g., prevention of enzymatic reaction or activation of downstream pathway', 'parent_type': 'NEGATIVE MODULATOR'}",,25113035,[],CHEMBL5265610,Inhibition of Mycobacterium tuberculosis H37Rv DprE1 assessed as formation of resorufin using farnesyl-phosphoryl-beta-D-ribofuranose by AmplexRed reagent based fluorescence assay,B,,,BAO_0000190,BAO_0000357,single protein format,O=c1nc(N2CCN(CC3CCCCC3)CC2)sc2c(-n3cccc3)cc(C(F)(F)F)cc12,,,CHEMBL5260858,Bioorg Med Chem,2023,,,CHEMBL4460207,,CHEMBL4460207,,1,http://www.openphacts.org/units/Nanomolar,3939677,<,1,1,<,,IC50,nM,,8000.0,CHEMBL3804751,Mycobacterium tuberculosis (strain ATCC 25618 / H37Rv),Decaprenylphosphoryl-beta-D-ribose oxidase,83332,,,IC50,uM,UO_0000065,,8.0
"{'action_type': 'INHIBITOR', 'description': 'Negatively effects (inhibits) the normal functioning of the protein e.g., prevention of enzymatic reaction or activation of downstream pathway', 'parent_type': 'NEGATIVE MODULATOR'}",,25550839,"[{'comments': None, 'relation': '=', 'result_flag': 0, 'standard_relation': '=', 'standard_text_value': None, 'standard_type': 'TIME', 'standard_units': 'hr', 'standard_value': '24.0', 'text_value': None, 'type': 'TIME', 'units': 'hrs', 'value': '24.0'}]",CHEMBL5345995,Inhibition of DprE1 in Mycobacterium tuberculosis H37Rv assessed as accumulation of trehalose monomycolates by measuring [14C]acetate metabolic labelling at 10 or 100 times of MIC incubated for 24 hrs by TLC analysis,B,,,BAO_0000201,BAO_0000357,single protein format,COc1ccc(-n2nnnc2SCc2cc([N+](=O)[O-])ccc2[N+](=O)[O-])cc1,,,CHEMBL5344439,J Med Chem,2024,,,CHEMBL5424656,,CHEMBL5424656,,0,http://qudt.org/vocab/unit#Percent,3977110,,1,0,,Active,Inhibition,%,,,CHEMBL3804751,Mycobacterium tuberculosis (strain ATCC 25618 / H37Rv),Decaprenylphosphoryl-beta-D-ribose oxidase,83332,Active,,INH,,UO_0000187,,
"{'action_type': 'INHIBITOR', 'description': 'Negatively effects (inhibits) the normal functioning of the protein e.g., prevention of enzymatic reaction or activation of downstream pathway', 'parent_type': 'NEGATIVE MODULATOR'}",,25550840,"[{'comments': None, 'relation': '=', 'result_flag': 0, 'standard_relation': '=', 'standard_text_value': None, 'standard_type': 'TIME', 'standard_units': 'hr', 'standard_value': '24.0', 'text_value': None, 'type': 'TIME', 'units': 'hrs', 'value': '24.0'}]",CHEMBL5345995,Inhibition of DprE1 in Mycobacterium tuberculosis H37Rv assessed as accumulation of trehalose monomycolates by measuring [14C]acetate metabolic labelling at 10 or 100 times of MIC incubated for 24 hrs by TLC analysis,B,,,BAO_0000201,BAO_0000357,single protein format,O=[N+]([O-])c1ccc([N+](=O)[O-])c(CSc2nnc(C3CCCCC3)o2)c1,,,CHEMBL5344439,J Med Chem,2024,,,CHEMBL5394855,,CHEMBL5394855,,0,http://qudt.org/vocab/unit#Percent,3977133,,1,0,,Active,Inhibition,%,,,CHEMBL3804751,Mycobacterium tuberculosis (strain ATCC 25618 / H37Rv),Decaprenylphosphoryl-beta-D-ribose oxidase,83332,Active,,INH,,UO_0000187,,
"{'action_type': 'INHIBITOR', 'description': 'Negatively effects (inhibits) the normal functioning of the protein e.g., prevention of enzymatic reaction or activation of downstream pathway', 'parent_type': 'NEGATIVE MODULATOR'}",,25550841,"[{'comments': None, 'relation': '=', 'result_flag': 0, 'standard_relation': '=', 'standard_text_value': None, 'standard_type': 'TIME', 'standard_units': 'hr', 'standard_value': '24.0', 'text_value': None, 'type': 'TIME', 'units': 'hrs', 'value': '24.0'}]",CHEMBL5345995,Inhibition of DprE1 in Mycobacterium tuberculosis H37Rv assessed as accumulation of trehalose monomycolates by measuring [14C]acetate metabolic labelling at 10 or 100 times of MIC incubated for 24 hrs by TLC analysis,B,,,BAO_0000201,BAO_0000357,single protein format,O=[N+]([O-])c1ccc([N+](=O)[O-])c(CSc2nnnn2-c2ccc(Cl)cc2)c1,,,CHEMBL5344439,J Med Chem,2024,,,CHEMBL5426490,,CHEMBL5426490,,0,http://qudt.org/vocab/unit#Percent,3977111,,1,0,,Active,Inhibition,%,,,CHEMBL3804751,Mycobacterium tuberculosis (strain ATCC 25618 / H37Rv),Decaprenylphosphoryl-beta-D-ribose oxidase,83332,Active,,INH,,UO_0000187,,
"{'action_type': 'INHIBITOR', 'description': 'Negatively effects (inhibits) the normal functioning of the protein e.g., prevention of enzymatic reaction or activation of downstream pathway', 'parent_type': 'NEGATIVE MODULATOR'}",,25550842,"[{'comments': None, 'relation': '=', 'result_flag': 0, 'standard_relation': '=', 'standard_text_value': None, 'standard_type': 'TIME', 'standard_units': 'hr', 'standard_value': '24.0', 'text_value': None, 'type': 'TIME', 'units': 'hrs', 'value': '24.0'}]",CHEMBL5345995,Inhibition of DprE1 in Mycobacterium tuberculosis H37Rv assessed as accumulation of trehalose monomycolates by measuring [14C]acetate metabolic labelling at 10 or 100 times of MIC incubated for 24 hrs by TLC analysis,B,,,BAO_0000201,BAO_0000357,single protein format,O=[N+]([O-])c1ccc([N+](=O)[O-])c(CSc2nnc(-c3ccc(Cl)cc3)o2)c1,,,CHEMBL5344439,J Med Chem,2024,,,CHEMBL5397577,,CHEMBL5397577,,0,http://qudt.org/vocab/unit#Percent,3977131,,1,0,,Active,Inhibition,%,,,CHEMBL3804751,Mycobacterium tuberculosis (strain ATCC 25618 / H37Rv),Decaprenylphosphoryl-beta-D-ribose oxidase,83332,Active,,INH,,UO_0000187,,
,,25550843,"[{'comments': None, 'relation': '=', 'result_flag': 0, 'standard_relation': '=', 'standard_text_value': None, 'standard_type': 'TIME', 'standard_units': 'hr', 'standard_value': '24.0', 'text_value': None, 'type': 'TIME', 'units': 'hrs', 'value': '24.0'}]",CHEMBL5345995,Inhibition of DprE1 in Mycobacterium tuberculosis H37Rv assessed as accumulation of trehalose monomycolates by measuring [14C]acetate metabolic labelling at 10 or 100 times of MIC incubated for 24 hrs by TLC analysis,B,,,BAO_0000201,BAO_0000357,single protein format,Cc1ccc(-c2nnc(SCc3cc([N+](=O)[O-])cc([N+](=O)[O-])c3)o2)cc1,,,CHEMBL5344439,J Med Chem,2024,,,CHEMBL3800474,,CHEMBL3800474,,0,http://qudt.org/vocab/unit#Percent,3977192,,1,0,,Not active,Inhibition,%,,,CHEMBL3804751,Mycobacterium tuberculosis (strain ATCC 25618 / H37Rv),Decaprenylphosphoryl-beta-D-ribose oxidase,83332,Not Active,,INH,,UO_0000187,,
"{'action_type': 'INHIBITOR', 'description': 'Negatively effects (inhibits) the normal functioning of the protein e.g., prevention of enzymatic reaction or activation of downstream pathway', 'parent_type': 'NEGATIVE MODULATOR'}",,25550844,"[{'comments': None, 'relation': '=', 'result_flag': 0, 'standard_relation': '=', 'standard_text_value': None, 'standard_type': 'TIME', 'standard_units': 'hr', 'standard_value': '24.0', 'text_value': None, 'type': 'TIME', 'units': 'hrs', 'value': '24.0'}]",CHEMBL5345996,Inhibition of DprE1 in Mycobacterium tuberculosis H37Rv assessed as accumulation of trehalose dimycolates by measuring [14C]acetate metabolic labelling at 10 or 100 times of MIC incubated for 24 hrs by TLC analysis,B,,,BAO_0000201,BAO_0000357,single protein format,COc1ccc(-n2nnnc2SCc2cc([N+](=O)[O-])ccc2[N+](=O)[O-])cc1,,,CHEMBL5344439,J Med Chem,2024,,,CHEMBL5424656,,CHEMBL5424656,,0,http://qudt.org/vocab/unit#Percent,3977110,,1,0,,Active,Inhibition,%,,,CHEMBL3804751,Mycobacterium tuberculosis (strain ATCC 25618 / H37Rv),Decaprenylphosphoryl-beta-D-ribose oxidase,83332,Active,,INH,,UO_0000187,,
"{'action_type': 'INHIBITOR', 'description': 'Negatively effects (inhibits) the normal functioning of the protein e.g., prevention of enzymatic reaction or activation of downstream pathway', 'parent_type': 'NEGATIVE MODULATOR'}",,25550845,"[{'comments': None, 'relation': '=', 'result_flag': 0, 'standard_relation': '=', 'standard_text_value': None, 'standard_type': 'TIME', 'standard_units': 'hr', 'standard_value': '24.0', 'text_value': None, 'type': 'TIME', 'units': 'hrs', 'value': '24.0'}]",CHEMBL5345996,Inhibition of DprE1 in Mycobacterium tuberculosis H37Rv assessed as accumulation of trehalose dimycolates by measuring [14C]acetate metabolic labelling at 10 or 100 times of MIC incubated for 24 hrs by TLC analysis,B,,,BAO_0000201,BAO_0000357,single protein format,O=[N+]([O-])c1ccc([N+](=O)[O-])c(CSc2nnc(C3CCCCC3)o2)c1,,,CHEMBL5344439,J Med Chem,2024,,,CHEMBL5394855,,CHEMBL5394855,,0,http://qudt.org/vocab/unit#Percent,3977133,,1,0,,Active,Inhibition,%,,,CHEMBL3804751,Mycobacterium tuberculosis (strain ATCC 25618 / H37Rv),Decaprenylphosphoryl-beta-D-ribose oxidase,83332,Active,,INH,,UO_0000187,,
,,25550846,"[{'comments': None, 'relation': '=', 'result_flag': 0, 'standard_relation': '=', 'standard_text_value': None, 'standard_type': 'TIME', 'standard_units': 'hr', 'standard_value': '24.0', 'text_value': None, 'type': 'TIME', 'units': 'hrs', 'value': '24.0'}]",CHEMBL5345996,Inhibition of DprE1 in Mycobacterium tuberculosis H37Rv assessed as accumulation of trehalose dimycolates by measuring [14C]acetate metabolic labelling at 10 or 100 times of MIC incubated for 24 hrs by TLC analysis,B,,,BAO_0000201,BAO_0000357,single protein format,Cc1ccc(-c2nnc(SCc3cc([N+](=O)[O-])cc([N+](=O)[O-])c3)o2)cc1,,,CHEMBL5344439,J Med Chem,2024,,,CHEMBL3800474,,CHEMBL3800474,,0,http://qudt.org/vocab/unit#Percent,3977192,,1,0,,Not active,Inhibition,%,,,CHEMBL3804751,Mycobacterium tuberculosis (strain ATCC 25618 / H37Rv),Decaprenylphosphoryl-beta-D-ribose oxidase,83332,Not Active,,INH,,UO_0000187,,
,,25550847,"[{'comments': None, 'relation': '=', 'result_flag': 0, 'standard_relation': '=', 'standard_text_value': None, 'standard_type': 'TIME', 'standard_units': 'hr', 'standard_value': '24.0', 'text_value': None, 'type': 'TIME', 'units': 'hrs', 'value': '24.0'}]",CHEMBL5345996,Inhibition of DprE1 in Mycobacterium tuberculosis H37Rv assessed as accumulation of trehalose dimycolates by measuring [14C]acetate metabolic labelling at 10 or 100 times of MIC incubated for 24 hrs by TLC analysis,B,,,BAO_0000201,BAO_0000357,single protein format,O=[N+]([O-])c1cc(CSc2nnc(-c3ccc(Cl)cc3)s2)cc([N+](=O)[O-])c1,,,CHEMBL5344439,J Med Chem,2024,,,CHEMBL3798295,,CHEMBL3798295,,0,http://qudt.org/vocab/unit#Percent,3977193,,1,0,,Not active,Inhibition,%,,,CHEMBL3804751,Mycobacterium tuberculosis (strain ATCC 25618 / H37Rv),Decaprenylphosphoryl-beta-D-ribose oxidase,83332,Not Active,,INH,,UO_0000187,,
"{'action_type': 'INHIBITOR', 'description': 'Negatively effects (inhibits) the normal functioning of the protein e.g., prevention of enzymatic reaction or activation of downstream pathway', 'parent_type': 'NEGATIVE MODULATOR'}",,25657996,"[{'comments': None, 'relation': '=', 'result_flag': 0, 'standard_relation': '=', 'standard_text_value': None, 'standard_type': 'TIME', 'standard_units': 'hr', 'standard_value': '288.0', 'text_value': None, 'type': 'TIME', 'units': 'day', 'value': '12.0'}]",CHEMBL5372780,Inhibition of DprE1-mediated cell wall synthesis in Mycobacterium tuberculosis H37Rv transfected with PiniB-LUX reporter assessed as induction of reporter gene expression incubated for 12 days by bioluminescence analysis,B,,,BAO_0000201,BAO_0000019,assay format,O=C(C1CCN(c2nnc(-c3ccccc3)o2)CC1)N1CCC(Cc2ccccc2)CC1,,,CHEMBL5370592,ACS Med Chem Lett,2023,,,CHEMBL5413428,,CHEMBL5413428,,0,http://qudt.org/vocab/unit#Percent,3997757,,1,0,,Active,Inhibition,%,,,CHEMBL3804751,Mycobacterium tuberculosis (strain ATCC 25618 / H37Rv),Decaprenylphosphoryl-beta-D-ribose oxidase,83332,Active,,INH,,UO_0000187,,
,Not Determined,25657997,"[{'comments': None, 'relation': '=', 'result_flag': 0, 'standard_relation': '=', 'standard_text_value': None, 'standard_type': 'TIME', 'standard_units': 'hr', 'standard_value': '288.0', 'text_value': None, 'type': 'TIME', 'units': 'day', 'value': '12.0'}]",CHEMBL5372780,Inhibition of DprE1-mediated cell wall synthesis in Mycobacterium tuberculosis H37Rv transfected with PiniB-LUX reporter assessed as induction of reporter gene expression incubated for 12 days by bioluminescence analysis,B,,,BAO_0000201,BAO_0000019,assay format,NNC(=O)c1ccncc1,,,CHEMBL5370592,ACS Med Chem Lett,2023,,,CHEMBL64,ISONIAZID,CHEMBL64,,0,http://qudt.org/vocab/unit#Percent,3997787,,1,0,,,Inhibition,%,,,CHEMBL3804751,Mycobacterium tuberculosis (strain ATCC 25618 / H37Rv),Decaprenylphosphoryl-beta-D-ribose oxidase,83332,,,INH,,UO_0000187,,
"{'action_type': 'INHIBITOR', 'description': 'Negatively effects (inhibits) the normal functioning of the protein e.g., prevention of enzymatic reaction or activation of downstream pathway', 'parent_type': 'NEGATIVE MODULATOR'}",,25921023,"[{'comments': None, 'relation': '=', 'result_flag': 0, 'standard_relation': '=', 'standard_text_value': None, 'standard_type': 'DOSE', 'standard_units': 'microM', 'standard_value': '20.0', 'text_value': None, 'type': 'DOSE', 'units': 'microM', 'value': '20.0'}, {'comments': None, 'relation': '=', 'result_flag': 0, 'standard_relation': '=', 'standard_text_value': None, 'standard_type': 'TIME', 'standard_units': 'hr', 'standard_value': '2.0', 'text_value': None, 'type': 'TIME', 'units': 'min', 'value': '120.0'}]",CHEMBL5528588,Inhibition of recombinant Mycobacterium tuberculosis DprE1 expressed in Escherichia coli measured after 120 mins by Amplex Red/peroxidase coupled assay,B,,,BAO_0000190,BAO_0000019,assay format,CN(CC#Cc1ccccc1)c1nc(=O)c2cc(C(F)(F)F)cc([N+](=O)[O-])c2s1,,,CHEMBL5528009,Eur J Med Chem,2024,"{'bei': '18.21', 'le': '0.36', 'lle': '3.57', 'sei': '10.01'}",,CHEMBL5566657,,CHEMBL5566657,7.64,0,http://www.openphacts.org/units/Nanomolar,4071670,=,1,1,=,,IC50,nM,,23.0,CHEMBL3804751,Mycobacterium tuberculosis (strain ATCC 25618 / H37Rv),Decaprenylphosphoryl-beta-D-ribose oxidase,83332,,,IC50,uM,UO_0000065,,0.023
"{'action_type': 'INHIBITOR', 'description': 'Negatively effects (inhibits) the normal functioning of the protein e.g., prevention of enzymatic reaction or activation of downstream pathway', 'parent_type': 'NEGATIVE MODULATOR'}",,25921024,"[{'comments': None, 'relation': '=', 'result_flag': 0, 'standard_relation': '=', 'standard_text_value': None, 'standard_type': 'DOSE', 'standard_units': 'microM', 'standard_value': '20.0', 'text_value': None, 'type': 'DOSE', 'units': 'microM', 'value': '20.0'}, {'comments': None, 'relation': '=', 'result_flag': 0, 'standard_relation': '=', 'standard_text_value': None, 'standard_type': 'TIME', 'standard_units': 'hr', 'standard_value': '2.0', 'text_value': None, 'type': 'TIME', 'units': 'min', 'value': '120.0'}]",CHEMBL5528588,Inhibition of recombinant Mycobacterium tuberculosis DprE1 expressed in Escherichia coli measured after 120 mins by Amplex Red/peroxidase coupled assay,B,,,BAO_0000190,BAO_0000019,assay format,O=c1nc(N2CCN(CC3CCCCC3)CC2)sc2c([N+](=O)[O-])cc(C(F)(F)F)cc12,,,CHEMBL5528009,Eur J Med Chem,2024,"{'bei': '17.35', 'le': '0.35', 'lle': '3.63', 'sei': '9.95'}",,CHEMBL3330226,MACOZINONE,CHEMBL3330226,7.92,0,http://www.openphacts.org/units/Nanomolar,4071687,=,1,1,=,,IC50,nM,,12.0,CHEMBL3804751,Mycobacterium tuberculosis (strain ATCC 25618 / H37Rv),Decaprenylphosphoryl-beta-D-ribose oxidase,83332,,,IC50,uM,UO_0000065,,0.012
"{'action_type': 'INHIBITOR', 'description': 'Negatively effects (inhibits) the normal functioning of the protein e.g., prevention of enzymatic reaction or activation of downstream pathway', 'parent_type': 'NEGATIVE MODULATOR'}",,25921025,"[{'comments': None, 'relation': '=', 'result_flag': 0, 'standard_relation': '=', 'standard_text_value': None, 'standard_type': 'DOSE', 'standard_units': 'microM', 'standard_value': '20.0', 'text_value': None, 'type': 'DOSE', 'units': 'microM', 'value': '20.0'}, {'comments': None, 'relation': '=', 'result_flag': 0, 'standard_relation': '=', 'standard_text_value': None, 'standard_type': 'TIME', 'standard_units': 'hr', 'standard_value': '2.0', 'text_value': None, 'type': 'TIME', 'units': 'min', 'value': '120.0'}]",CHEMBL5528588,Inhibition of recombinant Mycobacterium tuberculosis DprE1 expressed in Escherichia coli measured after 120 mins by Amplex Red/peroxidase coupled assay,B,,,BAO_0000190,BAO_0000019,assay format,CN(CC#CC1CCCCC1)c1nc(=O)c2cc(C(F)(F)F)cc([N+](=O)[O-])c2s1,,,CHEMBL5528009,Eur J Med Chem,2024,"{'bei': '18.20', 'le': '0.36', 'lle': '3.14', 'sei': '10.15'}",,CHEMBL5564800,,CHEMBL5564800,7.75,0,http://www.openphacts.org/units/Nanomolar,4071690,=,1,1,=,,IC50,nM,,18.0,CHEMBL3804751,Mycobacterium tuberculosis (strain ATCC 25618 / H37Rv),Decaprenylphosphoryl-beta-D-ribose oxidase,83332,,,IC50,uM,UO_0000065,,0.018
"{'action_type': 'INHIBITOR', 'description': 'Negatively effects (inhibits) the normal functioning of the protein e.g., prevention of enzymatic reaction or activation of downstream pathway', 'parent_type': 'NEGATIVE MODULATOR'}",,25921033,[],CHEMBL5528592,Time-dependent covalent inhibition of recombinant Mycobacterium tuberculosis DprE1 expressed in Escherichia coli by Amplex Red/peroxidase coupled assay,B,,,BAO_0000179,BAO_0000019,assay format,CN(CC#Cc1ccccc1)c1nc(=O)c2cc(C(F)(F)F)cc([N+](=O)[O-])c2s1,,,CHEMBL5528009,Eur J Med Chem,2024,,,CHEMBL5566657,,CHEMBL5566657,,0,,4071670,,1,0,,Active,TDI,,,,CHEMBL3804751,Mycobacterium tuberculosis (strain ATCC 25618 / H37Rv),Decaprenylphosphoryl-beta-D-ribose oxidase,83332,Active,,TDI,,,,
"{'action_type': 'INHIBITOR', 'description': 'Negatively effects (inhibits) the normal functioning of the protein e.g., prevention of enzymatic reaction or activation of downstream pathway', 'parent_type': 'NEGATIVE MODULATOR'}",,25921034,[],CHEMBL5528592,Time-dependent covalent inhibition of recombinant Mycobacterium tuberculosis DprE1 expressed in Escherichia coli by Amplex Red/peroxidase coupled assay,B,,,BAO_0000179,BAO_0000019,assay format,CN(CC#CCc1ccccc1)c1nc(=O)c2cc(C(F)(F)F)cc([N+](=O)[O-])c2s1,,,CHEMBL5528009,Eur J Med Chem,2024,,,CHEMBL5542741,,CHEMBL5542741,,0,,4071677,,1,0,,Active,TDI,,,,CHEMBL3804751,Mycobacterium tuberculosis (strain ATCC 25618 / H37Rv),Decaprenylphosphoryl-beta-D-ribose oxidase,83332,Active,,TDI,,,,
"{'action_type': 'INHIBITOR', 'description': 'Negatively effects (inhibits) the normal functioning of the protein e.g., prevention of enzymatic reaction or activation of downstream pathway', 'parent_type': 'NEGATIVE MODULATOR'}",,25921035,[],CHEMBL5528592,Time-dependent covalent inhibition of recombinant Mycobacterium tuberculosis DprE1 expressed in Escherichia coli by Amplex Red/peroxidase coupled assay,B,,,BAO_0000179,BAO_0000019,assay format,CN(CC#Cc1cccs1)c1nc(=O)c2cc(C(F)(F)F)cc([N+](=O)[O-])c2s1,,,CHEMBL5528009,Eur J Med Chem,2024,,,CHEMBL5568866,,CHEMBL5568866,,0,,4071678,,1,0,,Active,TDI,,,,CHEMBL3804751,Mycobacterium tuberculosis (strain ATCC 25618 / H37Rv),Decaprenylphosphoryl-beta-D-ribose oxidase,83332,Active,,TDI,,,,
"{'action_type': 'INHIBITOR', 'description': 'Negatively effects (inhibits) the normal functioning of the protein e.g., prevention of enzymatic reaction or activation of downstream pathway', 'parent_type': 'NEGATIVE MODULATOR'}",,25921036,[],CHEMBL5528592,Time-dependent covalent inhibition of recombinant Mycobacterium tuberculosis DprE1 expressed in Escherichia coli by Amplex Red/peroxidase coupled assay,B,,,BAO_0000179,BAO_0000019,assay format,CN(CC#CC1CCCCC1)c1nc(=O)c2cc(C(F)(F)F)cc([N+](=O)[O-])c2s1,,,CHEMBL5528009,Eur J Med Chem,2024,,,CHEMBL5564800,,CHEMBL5564800,,0,,4071690,,1,0,,Active,TDI,,,,CHEMBL3804751,Mycobacterium tuberculosis (strain ATCC 25618 / H37Rv),Decaprenylphosphoryl-beta-D-ribose oxidase,83332,Active,,TDI,,,,
"{'action_type': 'INHIBITOR', 'description': 'Negatively effects (inhibits) the normal functioning of the protein e.g., prevention of enzymatic reaction or activation of downstream pathway', 'parent_type': 'NEGATIVE MODULATOR'}",,25921037,[],CHEMBL5528592,Time-dependent covalent inhibition of recombinant Mycobacterium tuberculosis DprE1 expressed in Escherichia coli by Amplex Red/peroxidase coupled assay,B,,,BAO_0000179,BAO_0000019,assay format,CN(C/C=C/c1ccccc1)c1nc(=O)c2cc(C(F)(F)F)cc([N+](=O)[O-])c2s1,,,CHEMBL5528009,Eur J Med Chem,2024,,,CHEMBL5567611,,CHEMBL5567611,,0,,4071703,,1,0,,Active,TDI,,,,CHEMBL3804751,Mycobacterium tuberculosis (strain ATCC 25618 / H37Rv),Decaprenylphosphoryl-beta-D-ribose oxidase,83332,Active,,TDI,,,,
"{'action_type': 'INHIBITOR', 'description': 'Negatively effects (inhibits) the normal functioning of the protein e.g., prevention of enzymatic reaction or activation of downstream pathway', 'parent_type': 'NEGATIVE MODULATOR'}",,25921038,[],CHEMBL5528592,Time-dependent covalent inhibition of recombinant Mycobacterium tuberculosis DprE1 expressed in Escherichia coli by Amplex Red/peroxidase coupled assay,B,,,BAO_0000179,BAO_0000019,assay format,CN(C/C=C\c1ccccc1)c1nc(=O)c2cc(C(F)(F)F)cc([N+](=O)[O-])c2s1,,,CHEMBL5528009,Eur J Med Chem,2024,,,CHEMBL5572413,,CHEMBL5572413,,0,,4071704,,1,0,,Active,TDI,,,,CHEMBL3804751,Mycobacterium tuberculosis (strain ATCC 25618 / H37Rv),Decaprenylphosphoryl-beta-D-ribose oxidase,83332,Active,,TDI,,,,
"{'action_type': 'INHIBITOR', 'description': 'Negatively effects (inhibits) the normal functioning of the protein e.g., prevention of enzymatic reaction or activation of downstream pathway', 'parent_type': 'NEGATIVE MODULATOR'}",,25965260,[],CHEMBL5540938,Binding affinity to Mycobacterium tuberculosis DprE1 assessed as dissociation constant by biolayer interferometry,B,,,BAO_0000034,BAO_0000357,single protein format,CCc1cc(=O)[nH]c(-n2nc(C)cc2Nc2cccc(C(F)(F)F)c2)n1,,,CHEMBL5537187,J Med Chem,2024,"{'bei': '12.67', 'le': '0.24', 'lle': '1.01', 'sei': '6.09'}",,CHEMBL5574579,,CHEMBL5574579,4.60,0,http://www.openphacts.org/units/Nanomolar,4080001,=,1,1,=,,Kd,nM,,24960.0,CHEMBL3804751,Mycobacterium tuberculosis (strain ATCC 25618 / H37Rv),Decaprenylphosphoryl-beta-D-ribose oxidase,83332,,,Kd,uM,UO_0000065,,24.96
"{'action_type': 'INHIBITOR', 'description': 'Negatively effects (inhibits) the normal functioning of the protein e.g., prevention of enzymatic reaction or activation of downstream pathway', 'parent_type': 'NEGATIVE MODULATOR'}",,25965261,[],CHEMBL5540938,Binding affinity to Mycobacterium tuberculosis DprE1 assessed as dissociation constant by biolayer interferometry,B,,,BAO_0000034,BAO_0000357,single protein format,Cc1cccc(C(=O)Nc2cc(C)nn2-c2nc3ccccc3c(=O)[nH]2)c1,,,CHEMBL5537187,J Med Chem,2024,"{'bei': '16.33', 'le': '0.30', 'lle': '2.89', 'sei': '6.33'}",,CHEMBL5591178,,CHEMBL5591178,5.87,0,http://www.openphacts.org/units/Nanomolar,4080016,=,1,1,=,,Kd,nM,,1350.0,CHEMBL3804751,Mycobacterium tuberculosis (strain ATCC 25618 / H37Rv),Decaprenylphosphoryl-beta-D-ribose oxidase,83332,,,Kd,uM,UO_0000065,,1.35
"{'action_type': 'INHIBITOR', 'description': 'Negatively effects (inhibits) the normal functioning of the protein e.g., prevention of enzymatic reaction or activation of downstream pathway', 'parent_type': 'NEGATIVE MODULATOR'}",,25965262,[],CHEMBL5540938,Binding affinity to Mycobacterium tuberculosis DprE1 assessed as dissociation constant by biolayer interferometry,B,,,BAO_0000034,BAO_0000357,single protein format,O=c1nc(N2CCN(CC3CCCCC3)CC2)sc2c([N+](=O)[O-])cc(C(F)(F)F)cc12,,,CHEMBL5537187,J Med Chem,2024,"{'bei': '12.65', 'le': '0.25', 'lle': '1.48', 'sei': '7.26'}",,CHEMBL3330226,MACOZINONE,CHEMBL3330226,5.78,0,http://www.openphacts.org/units/Nanomolar,4080020,=,1,1,=,,Kd,nM,,1680.0,CHEMBL3804751,Mycobacterium tuberculosis (strain ATCC 25618 / H37Rv),Decaprenylphosphoryl-beta-D-ribose oxidase,83332,,,Kd,uM,UO_0000065,,1.68
"{'action_type': 'INHIBITOR', 'description': 'Negatively effects (inhibits) the normal functioning of the protein e.g., prevention of enzymatic reaction or activation of downstream pathway', 'parent_type': 'NEGATIVE MODULATOR'}",,25965263,[],CHEMBL5540938,Binding affinity to Mycobacterium tuberculosis DprE1 assessed as dissociation constant by biolayer interferometry,B,,,BAO_0000034,BAO_0000357,single protein format,CO[C@H]1/C=C/O[C@@]2(C)Oc3c(C)c(O)c4c(O)c(c(/C=N/N5CCN(C)CC5)c(O)c4c3C2=O)NC(=O)/C(C)=C\C=C\[C@H](C)[C@H](O)[C@@H](C)[C@@H](O)[C@@H](C)[C@H](OC(C)=O)[C@@H]1C,,,CHEMBL5537187,J Med Chem,2024,,,CHEMBL374478,RIFAMPIN,CHEMBL374478,,0,,4080021,=,1,0,=,,Kd,10^4 uM,,9.36,CHEMBL3804751,Mycobacterium tuberculosis (strain ATCC 25618 / H37Rv),Decaprenylphosphoryl-beta-D-ribose oxidase,83332,,,Kd,10^4 uM,,,9.36
,,25965264,"[{'comments': None, 'relation': '<=', 'result_flag': 0, 'standard_relation': '<=', 'standard_text_value': None, 'standard_type': 'DOSE', 'standard_units': 'microM', 'standard_value': '166.7', 'text_value': None, 'type': 'DOSE', 'units': 'microM', 'value': '166.7'}]",CHEMBL5540939,Binding affinity to Mycobacterium tuberculosis DprE1 upto 166.7 microM by biolayer interferometry,B,,,BAO_0000375,BAO_0000357,single protein format,CO[C@H]1/C=C/O[C@@]2(C)Oc3c(C)c(O)c4c(O)c(c(/C=N/N5CCN(C)CC5)c(O)c4c3C2=O)NC(=O)/C(C)=C\C=C\[C@H](C)[C@H](O)[C@@H](C)[C@@H](O)[C@@H](C)[C@H](OC(C)=O)[C@@H]1C,,,CHEMBL5537187,J Med Chem,2024,,,CHEMBL374478,RIFAMPIN,CHEMBL374478,,0,,4080021,,1,0,,Not active,Activity,,,,CHEMBL3804751,Mycobacterium tuberculosis (strain ATCC 25618 / H37Rv),Decaprenylphosphoryl-beta-D-ribose oxidase,83332,Not Active,,Activity,,,,
"{'action_type': 'STABILISER', 'description': 'Increases the conformational stability of a protein or complex', 'parent_type': 'OTHER'}",,25965265,"[{'comments': None, 'relation': '=', 'result_flag': 0, 'standard_relation': '=', 'standard_text_value': None, 'standard_type': 'DOSE', 'standard_units': 'microM', 'standard_value': '10.0', 'text_value': None, 'type': 'DOSE', 'units': 'microM', 'value': '10.0'}]",CHEMBL5540940,Stabilization of Mycobacterium tuberculosis DprE1 at 10 uM by fluorescence based thermal shift assay,B,,,BAO_0000375,BAO_0000357,single protein format,CCc1cc(=O)[nH]c(-n2nc(C)cc2Nc2cccc(C(F)(F)F)c2)n1,,,CHEMBL5537187,J Med Chem,2024,,,CHEMBL5574579,,CHEMBL5574579,,0,,4080001,,1,0,,Active,Activity,,,,CHEMBL3804751,Mycobacterium tuberculosis (strain ATCC 25618 / H37Rv),Decaprenylphosphoryl-beta-D-ribose oxidase,83332,Active,,Activity,,,,
"{'action_type': 'STABILISER', 'description': 'Increases the conformational stability of a protein or complex', 'parent_type': 'OTHER'}",,25965266,"[{'comments': None, 'relation': '=', 'result_flag': 0, 'standard_relation': '=', 'standard_text_value': None, 'standard_type': 'DOSE', 'standard_units': 'microM', 'standard_value': '10.0', 'text_value': None, 'type': 'DOSE', 'units': 'microM', 'value': '10.0'}]",CHEMBL5540940,Stabilization of Mycobacterium tuberculosis DprE1 at 10 uM by fluorescence based thermal shift assay,B,,,BAO_0000375,BAO_0000357,single protein format,Cc1cccc(C(=O)Nc2cc(C)nn2-c2nc3ccccc3c(=O)[nH]2)c1,,,CHEMBL5537187,J Med Chem,2024,,,CHEMBL5591178,,CHEMBL5591178,,0,,4080016,,1,0,,Active,Activity,,,,CHEMBL3804751,Mycobacterium tuberculosis (strain ATCC 25618 / H37Rv),Decaprenylphosphoryl-beta-D-ribose oxidase,83332,Active,,Activity,,,,
"{'action_type': 'INHIBITOR', 'description': 'Negatively effects (inhibits) the normal functioning of the protein e.g., prevention of enzymatic reaction or activation of downstream pathway', 'parent_type': 'NEGATIVE MODULATOR'}",,25965267,"[{'comments': None, 'relation': '=', 'result_flag': 0, 'standard_relation': '=', 'standard_text_value': None, 'standard_type': 'DOSE', 'standard_units': 'microM', 'standard_value': '50.0', 'text_value': None, 'type': 'DOSE', 'units': 'microM', 'value': '50.0'}]",CHEMBL5540941,Binding affinity to Mycobacterium tuberculosis DprE1 assessed as conformational changes by measuring alpha-helix structure level at 50 uM by circular dichroism analysis (Rvb = 62.75%),B,,,BAO_0001103,BAO_0000357,single protein format,CCc1cc(=O)[nH]c(-n2nc(C)cc2Nc2cccc(C(F)(F)F)c2)n1,,,CHEMBL5537187,J Med Chem,2024,,,CHEMBL5574579,,CHEMBL5574579,,0,http://qudt.org/vocab/unit#Percent,4080001,=,1,0,=,,Activity,%,,59.35,CHEMBL3804751,Mycobacterium tuberculosis (strain ATCC 25618 / H37Rv),Decaprenylphosphoryl-beta-D-ribose oxidase,83332,,,Activity,%,UO_0000187,,59.35
"{'action_type': 'INHIBITOR', 'description': 'Negatively effects (inhibits) the normal functioning of the protein e.g., prevention of enzymatic reaction or activation of downstream pathway', 'parent_type': 'NEGATIVE MODULATOR'}",,25965268,"[{'comments': None, 'relation': '=', 'result_flag': 0, 'standard_relation': '=', 'standard_text_value': None, 'standard_type': 'DOSE', 'standard_units': 'microM', 'standard_value': '50.0', 'text_value': None, 'type': 'DOSE', 'units': 'microM', 'value': '50.0'}]",CHEMBL5540941,Binding affinity to Mycobacterium tuberculosis DprE1 assessed as conformational changes by measuring alpha-helix structure level at 50 uM by circular dichroism analysis (Rvb = 62.75%),B,,,BAO_0001103,BAO_0000357,single protein format,Cc1cccc(C(=O)Nc2cc(C)nn2-c2nc3ccccc3c(=O)[nH]2)c1,,,CHEMBL5537187,J Med Chem,2024,,,CHEMBL5591178,,CHEMBL5591178,,0,http://qudt.org/vocab/unit#Percent,4080016,=,1,0,=,,Activity,%,,55.0,CHEMBL3804751,Mycobacterium tuberculosis (strain ATCC 25618 / H37Rv),Decaprenylphosphoryl-beta-D-ribose oxidase,83332,,,Activity,%,UO_0000187,,55.0
"{'action_type': 'INHIBITOR', 'description': 'Negatively effects (inhibits) the normal functioning of the protein e.g., prevention of enzymatic reaction or activation of downstream pathway', 'parent_type': 'NEGATIVE MODULATOR'}",,25965269,"[{'comments': None, 'relation': '=', 'result_flag': 0, 'standard_relation': '=', 'standard_text_value': None, 'standard_type': 'DOSE', 'standard_units': 'microM', 'standard_value': '50.0', 'text_value': None, 'type': 'DOSE', 'units': 'microM', 'value': '50.0'}]",CHEMBL5540941,Binding affinity to Mycobacterium tuberculosis DprE1 assessed as conformational changes by measuring alpha-helix structure level at 50 uM by circular dichroism analysis (Rvb = 62.75%),B,,,BAO_0001103,BAO_0000357,single protein format,COc1ncnc(Cn2cc(C(=O)NCCO)c3ncc(C)cc32)c1C,,,CHEMBL5537187,J Med Chem,2024,,,CHEMBL3109802,TBA-7371,CHEMBL3109802,,0,http://qudt.org/vocab/unit#Percent,4080017,=,1,0,=,,Activity,%,,55.85,CHEMBL3804751,Mycobacterium tuberculosis (strain ATCC 25618 / H37Rv),Decaprenylphosphoryl-beta-D-ribose oxidase,83332,,,Activity,%,UO_0000187,,55.85
"{'action_type': 'INHIBITOR', 'description': 'Negatively effects (inhibits) the normal functioning of the protein e.g., prevention of enzymatic reaction or activation of downstream pathway', 'parent_type': 'NEGATIVE MODULATOR'}",,25965270,"[{'comments': None, 'relation': '=', 'result_flag': 0, 'standard_relation': '=', 'standard_text_value': None, 'standard_type': 'DOSE', 'standard_units': 'microM', 'standard_value': '50.0', 'text_value': None, 'type': 'DOSE', 'units': 'microM', 'value': '50.0'}]",CHEMBL5540942,Binding affinity to Mycobacterium tuberculosis DprE1 assessed as conformational changes by measuring beta-turn structure level at 50 uM by circular dichroism analysis (Rvb = 6.55%),B,,,BAO_0001103,BAO_0000357,single protein format,CCc1cc(=O)[nH]c(-n2nc(C)cc2Nc2cccc(C(F)(F)F)c2)n1,,,CHEMBL5537187,J Med Chem,2024,,,CHEMBL5574579,,CHEMBL5574579,,0,http://qudt.org/vocab/unit#Percent,4080001,=,1,0,=,,Activity,%,,11.1,CHEMBL3804751,Mycobacterium tuberculosis (strain ATCC 25618 / H37Rv),Decaprenylphosphoryl-beta-D-ribose oxidase,83332,,,Activity,%,UO_0000187,,11.1
"{'action_type': 'INHIBITOR', 'description': 'Negatively effects (inhibits) the normal functioning of the protein e.g., prevention of enzymatic reaction or activation of downstream pathway', 'parent_type': 'NEGATIVE MODULATOR'}",,25965271,"[{'comments': None, 'relation': '=', 'result_flag': 0, 'standard_relation': '=', 'standard_text_value': None, 'standard_type': 'DOSE', 'standard_units': 'microM', 'standard_value': '50.0', 'text_value': None, 'type': 'DOSE', 'units': 'microM', 'value': '50.0'}]",CHEMBL5540942,Binding affinity to Mycobacterium tuberculosis DprE1 assessed as conformational changes by measuring beta-turn structure level at 50 uM by circular dichroism analysis (Rvb = 6.55%),B,,,BAO_0001103,BAO_0000357,single protein format,Cc1cccc(C(=O)Nc2cc(C)nn2-c2nc3ccccc3c(=O)[nH]2)c1,,,CHEMBL5537187,J Med Chem,2024,,,CHEMBL5591178,,CHEMBL5591178,,0,http://qudt.org/vocab/unit#Percent,4080016,=,1,0,=,,Activity,%,,11.4,CHEMBL3804751,Mycobacterium tuberculosis (strain ATCC 25618 / H37Rv),Decaprenylphosphoryl-beta-D-ribose oxidase,83332,,,Activity,%,UO_0000187,,11.4
"{'action_type': 'INHIBITOR', 'description': 'Negatively effects (inhibits) the normal functioning of the protein e.g., prevention of enzymatic reaction or activation of downstream pathway', 'parent_type': 'NEGATIVE MODULATOR'}",,25965272,"[{'comments': None, 'relation': '=', 'result_flag': 0, 'standard_relation': '=', 'standard_text_value': None, 'standard_type': 'DOSE', 'standard_units': 'microM', 'standard_value': '50.0', 'text_value': None, 'type': 'DOSE', 'units': 'microM', 'value': '50.0'}]",CHEMBL5540942,Binding affinity to Mycobacterium tuberculosis DprE1 assessed as conformational changes by measuring beta-turn structure level at 50 uM by circular dichroism analysis (Rvb = 6.55%),B,,,BAO_0001103,BAO_0000357,single protein format,COc1ncnc(Cn2cc(C(=O)NCCO)c3ncc(C)cc32)c1C,,,CHEMBL5537187,J Med Chem,2024,,,CHEMBL3109802,TBA-7371,CHEMBL3109802,,0,http://qudt.org/vocab/unit#Percent,4080017,=,1,0,=,,Activity,%,,10.0,CHEMBL3804751,Mycobacterium tuberculosis (strain ATCC 25618 / H37Rv),Decaprenylphosphoryl-beta-D-ribose oxidase,83332,,,Activity,%,UO_0000187,,10.0
"{'action_type': 'INHIBITOR', 'description': 'Negatively effects (inhibits) the normal functioning of the protein e.g., prevention of enzymatic reaction or activation of downstream pathway', 'parent_type': 'NEGATIVE MODULATOR'}",,25965273,"[{'comments': None, 'relation': '=', 'result_flag': 0, 'standard_relation': '=', 'standard_text_value': None, 'standard_type': 'DOSE', 'standard_units': 'microM', 'standard_value': '50.0', 'text_value': None, 'type': 'DOSE', 'units': 'microM', 'value': '50.0'}]",CHEMBL5540943,Binding affinity to Mycobacterium tuberculosis DprE1 assessed as conformational changes by measuring loop structure level at 50 uM by circular dichroism analysis (Rvb = 20.9%),B,,,BAO_0001103,BAO_0000357,single protein format,CCc1cc(=O)[nH]c(-n2nc(C)cc2Nc2cccc(C(F)(F)F)c2)n1,,,CHEMBL5537187,J Med Chem,2024,,,CHEMBL5574579,,CHEMBL5574579,,0,http://qudt.org/vocab/unit#Percent,4080001,=,1,0,=,,Activity,%,,23.4,CHEMBL3804751,Mycobacterium tuberculosis (strain ATCC 25618 / H37Rv),Decaprenylphosphoryl-beta-D-ribose oxidase,83332,,,Activity,%,UO_0000187,,23.4
"{'action_type': 'INHIBITOR', 'description': 'Negatively effects (inhibits) the normal functioning of the protein e.g., prevention of enzymatic reaction or activation of downstream pathway', 'parent_type': 'NEGATIVE MODULATOR'}",,25965274,"[{'comments': None, 'relation': '=', 'result_flag': 0, 'standard_relation': '=', 'standard_text_value': None, 'standard_type': 'DOSE', 'standard_units': 'microM', 'standard_value': '50.0', 'text_value': None, 'type': 'DOSE', 'units': 'microM', 'value': '50.0'}]",CHEMBL5540943,Binding affinity to Mycobacterium tuberculosis DprE1 assessed as conformational changes by measuring loop structure level at 50 uM by circular dichroism analysis (Rvb = 20.9%),B,,,BAO_0001103,BAO_0000357,single protein format,Cc1cccc(C(=O)Nc2cc(C)nn2-c2nc3ccccc3c(=O)[nH]2)c1,,,CHEMBL5537187,J Med Chem,2024,,,CHEMBL5591178,,CHEMBL5591178,,0,http://qudt.org/vocab/unit#Percent,4080016,=,1,0,=,,Activity,%,,25.3,CHEMBL3804751,Mycobacterium tuberculosis (strain ATCC 25618 / H37Rv),Decaprenylphosphoryl-beta-D-ribose oxidase,83332,,,Activity,%,UO_0000187,,25.3
"{'action_type': 'INHIBITOR', 'description': 'Negatively effects (inhibits) the normal functioning of the protein e.g., prevention of enzymatic reaction or activation of downstream pathway', 'parent_type': 'NEGATIVE MODULATOR'}",,25965275,"[{'comments': None, 'relation': '=', 'result_flag': 0, 'standard_relation': '=', 'standard_text_value': None, 'standard_type': 'DOSE', 'standard_units': 'microM', 'standard_value': '50.0', 'text_value': None, 'type': 'DOSE', 'units': 'microM', 'value': '50.0'}]",CHEMBL5540943,Binding affinity to Mycobacterium tuberculosis DprE1 assessed as conformational changes by measuring loop structure level at 50 uM by circular dichroism analysis (Rvb = 20.9%),B,,,BAO_0001103,BAO_0000357,single protein format,COc1ncnc(Cn2cc(C(=O)NCCO)c3ncc(C)cc32)c1C,,,CHEMBL5537187,J Med Chem,2024,,,CHEMBL3109802,TBA-7371,CHEMBL3109802,,0,http://qudt.org/vocab/unit#Percent,4080017,=,1,0,=,,Activity,%,,25.2,CHEMBL3804751,Mycobacterium tuberculosis (strain ATCC 25618 / H37Rv),Decaprenylphosphoryl-beta-D-ribose oxidase,83332,,,Activity,%,UO_0000187,,25.2
"{'action_type': 'INHIBITOR', 'description': 'Negatively effects (inhibits) the normal functioning of the protein e.g., prevention of enzymatic reaction or activation of downstream pathway', 'parent_type': 'NEGATIVE MODULATOR'}",,25965276,"[{'comments': None, 'relation': '=', 'result_flag': 0, 'standard_relation': '=', 'standard_text_value': None, 'standard_type': 'DOSE', 'standard_units': 'microM', 'standard_value': '50.0', 'text_value': None, 'type': 'DOSE', 'units': 'microM', 'value': '50.0'}]",CHEMBL5540944,Binding affinity to Mycobacterium tuberculosis DprE1 assessed as conformational changes by measuring beta-strand structure level at 50 uM by circular dichroism analysis (Rvb = 7.5%),B,,,BAO_0001103,BAO_0000357,single protein format,Cc1cccc(C(=O)Nc2cc(C)nn2-c2nc3ccccc3c(=O)[nH]2)c1,,,CHEMBL5537187,J Med Chem,2024,,,CHEMBL5591178,,CHEMBL5591178,,0,http://qudt.org/vocab/unit#Percent,4080016,=,1,0,=,,Activity,%,,8.95,CHEMBL3804751,Mycobacterium tuberculosis (strain ATCC 25618 / H37Rv),Decaprenylphosphoryl-beta-D-ribose oxidase,83332,,,Activity,%,UO_0000187,,8.95
"{'action_type': 'INHIBITOR', 'description': 'Negatively effects (inhibits) the normal functioning of the protein e.g., prevention of enzymatic reaction or activation of downstream pathway', 'parent_type': 'NEGATIVE MODULATOR'}",,25965277,"[{'comments': None, 'relation': '=', 'result_flag': 0, 'standard_relation': '=', 'standard_text_value': None, 'standard_type': 'DOSE', 'standard_units': 'microM', 'standard_value': '50.0', 'text_value': None, 'type': 'DOSE', 'units': 'microM', 'value': '50.0'}]",CHEMBL5540944,Binding affinity to Mycobacterium tuberculosis DprE1 assessed as conformational changes by measuring beta-strand structure level at 50 uM by circular dichroism analysis (Rvb = 7.5%),B,,,BAO_0001103,BAO_0000357,single protein format,COc1ncnc(Cn2cc(C(=O)NCCO)c3ncc(C)cc32)c1C,,,CHEMBL5537187,J Med Chem,2024,,,CHEMBL3109802,TBA-7371,CHEMBL3109802,,0,http://qudt.org/vocab/unit#Percent,4080017,=,1,0,=,,Activity,%,,9.4,CHEMBL3804751,Mycobacterium tuberculosis (strain ATCC 25618 / H37Rv),Decaprenylphosphoryl-beta-D-ribose oxidase,83332,,,Activity,%,UO_0000187,,9.4
"{'action_type': 'INHIBITOR', 'description': 'Negatively effects (inhibits) the normal functioning of the protein e.g., prevention of enzymatic reaction or activation of downstream pathway', 'parent_type': 'NEGATIVE MODULATOR'}",,29066799,"[{'comments': None, 'relation': '=', 'result_flag': 0, 'standard_relation': '=', 'standard_text_value': None, 'standard_type': 'TIME', 'standard_units': 'hr', 'standard_value': '1.0', 'text_value': None, 'type': 'TIME', 'units': 'min', 'value': '60.0'}]",CHEMBL6075287,Reversible inhibition of recombinant Mycobacterium tuberculosis DprE1 extracted from Escherichia coli BL21(DE3) using FPR/GGPR as substrate incubated for 60 mins by resazurin dye based fluorescence plate reader analysis,B,,,BAO_0000190,BAO_0000357,single protein format,C=C(F)C(=O)Nc1cc(C(F)(F)F)cc2c(=O)nc(N3CCC4(CC3)OC[C@H](C)O4)sc12,,,CHEMBL6074635,Eur J Med Chem,2024,"{'bei': '12.56', 'le': '0.25', 'lle': '2.12', 'sei': '7.36'}",,CHEMBL6120882,,CHEMBL6120882,5.95,0,http://www.openphacts.org/units/Nanomolar,4661483,=,1,1,=,,IC50,nM,,1130.0,CHEMBL3804751,Mycobacterium tuberculosis (strain ATCC 25618 / H37Rv),Decaprenylphosphoryl-beta-D-ribose oxidase,83332,,,IC50,uM,UO_0000065,,1.13
"{'action_type': 'INHIBITOR', 'description': 'Negatively effects (inhibits) the normal functioning of the protein e.g., prevention of enzymatic reaction or activation of downstream pathway', 'parent_type': 'NEGATIVE MODULATOR'}",,29066800,"[{'comments': None, 'relation': '=', 'result_flag': 0, 'standard_relation': '=', 'standard_text_value': None, 'standard_type': 'TIME', 'standard_units': 'hr', 'standard_value': '1.0', 'text_value': None, 'type': 'TIME', 'units': 'min', 'value': '60.0'}]",CHEMBL6075287,Reversible inhibition of recombinant Mycobacterium tuberculosis DprE1 extracted from Escherichia coli BL21(DE3) using FPR/GGPR as substrate incubated for 60 mins by resazurin dye based fluorescence plate reader analysis,B,,,BAO_0000190,BAO_0000357,single protein format,C=CS(=O)(=O)Nc1cc(C(F)(F)F)cc2c(=O)nc(N3CCC4(CC3)OC[C@H](C)O4)sc12,,,CHEMBL6074635,Eur J Med Chem,2024,"{'bei': '11.36', 'le': '0.24', 'lle': '2.29', 'sei': '5.71'}",,CHEMBL6083033,,CHEMBL6083033,5.58,0,http://www.openphacts.org/units/Nanomolar,4661486,=,1,1,=,,IC50,nM,,2620.0,CHEMBL3804751,Mycobacterium tuberculosis (strain ATCC 25618 / H37Rv),Decaprenylphosphoryl-beta-D-ribose oxidase,83332,,,IC50,uM,UO_0000065,,2.62
"{'action_type': 'INHIBITOR', 'description': 'Negatively effects (inhibits) the normal functioning of the protein e.g., prevention of enzymatic reaction or activation of downstream pathway', 'parent_type': 'NEGATIVE MODULATOR'}",,29066801,"[{'comments': None, 'relation': '=', 'result_flag': 0, 'standard_relation': '=', 'standard_text_value': None, 'standard_type': 'TIME', 'standard_units': 'hr', 'standard_value': '1.0', 'text_value': None, 'type': 'TIME', 'units': 'min', 'value': '60.0'}]",CHEMBL6075287,Reversible inhibition of recombinant Mycobacterium tuberculosis DprE1 extracted from Escherichia coli BL21(DE3) using FPR/GGPR as substrate incubated for 60 mins by resazurin dye based fluorescence plate reader analysis,B,,,BAO_0000190,BAO_0000357,single protein format,C=CP(=O)(Nc1cc(C(F)(F)F)cc2c(=O)nc(N3CCC4(CC3)OC[C@H](C)O4)sc12)OCC,,,CHEMBL6074635,Eur J Med Chem,2024,"{'bei': '9.07', 'le': '0.19', 'lle': '-0.48', 'sei': '5.23'}",,CHEMBL6143491,,CHEMBL6143491,4.71,0,http://www.openphacts.org/units/Nanomolar,4661487,=,1,1,=,,IC50,nM,,19460.0,CHEMBL3804751,Mycobacterium tuberculosis (strain ATCC 25618 / H37Rv),Decaprenylphosphoryl-beta-D-ribose oxidase,83332,,,IC50,uM,UO_0000065,,19.46
"{'action_type': 'INHIBITOR', 'description': 'Negatively effects (inhibits) the normal functioning of the protein e.g., prevention of enzymatic reaction or activation of downstream pathway', 'parent_type': 'NEGATIVE MODULATOR'}",,29066802,"[{'comments': None, 'relation': '=', 'result_flag': 0, 'standard_relation': '=', 'standard_text_value': None, 'standard_type': 'TIME', 'standard_units': 'hr', 'standard_value': '1.0', 'text_value': None, 'type': 'TIME', 'units': 'min', 'value': '60.0'}]",CHEMBL6075288,Covalent inhibition of recombinant Mycobacterium tuberculosis DprE1 extracted from Escherichia coli BL21(DE3) using FPR/GGPR as substrate incubated for 60 mins by resazurin dye based fluorescence plate reader analysis,B,,,BAO_0000190,BAO_0000357,single protein format,C=CC(=O)Nc1cc(C(F)(F)F)cc2c(=O)nc(N3CCC4(CC3)OC[C@H](C)O4)sc12,,,CHEMBL6074635,Eur J Med Chem,2024,"{'bei': '11.34', 'le': '0.23', 'lle': '1.64', 'sei': '6.40'}",,CHEMBL6092053,,CHEMBL6092053,5.17,0,http://www.openphacts.org/units/Nanomolar,4661482,=,1,1,=,,IC50,nM,,6830.0,CHEMBL3804751,Mycobacterium tuberculosis (strain ATCC 25618 / H37Rv),Decaprenylphosphoryl-beta-D-ribose oxidase,83332,,,IC50,uM,UO_0000065,,6.83
"{'action_type': 'INHIBITOR', 'description': 'Negatively effects (inhibits) the normal functioning of the protein e.g., prevention of enzymatic reaction or activation of downstream pathway', 'parent_type': 'NEGATIVE MODULATOR'}",,29066803,"[{'comments': None, 'relation': '=', 'result_flag': 0, 'standard_relation': '=', 'standard_text_value': None, 'standard_type': 'TIME', 'standard_units': 'hr', 'standard_value': '1.0', 'text_value': None, 'type': 'TIME', 'units': 'min', 'value': '60.0'}]",CHEMBL6075288,Covalent inhibition of recombinant Mycobacterium tuberculosis DprE1 extracted from Escherichia coli BL21(DE3) using FPR/GGPR as substrate incubated for 60 mins by resazurin dye based fluorescence plate reader analysis,B,,,BAO_0000190,BAO_0000357,single protein format,C=C(C)C(=O)Nc1cc(C(F)(F)F)cc2c(=O)nc(N3CCC4(CC3)OC[C@H](C)O4)sc12,,,CHEMBL6074635,Eur J Med Chem,2024,"{'bei': '9.52', 'le': '0.19', 'lle': '0.55', 'sei': '5.53'}",,CHEMBL6142943,,CHEMBL6142943,4.47,0,http://www.openphacts.org/units/Nanomolar,4661484,=,1,1,=,,IC50,nM,,33940.0,CHEMBL3804751,Mycobacterium tuberculosis (strain ATCC 25618 / H37Rv),Decaprenylphosphoryl-beta-D-ribose oxidase,83332,,,IC50,uM,UO_0000065,,33.94
"{'action_type': 'INHIBITOR', 'description': 'Negatively effects (inhibits) the normal functioning of the protein e.g., prevention of enzymatic reaction or activation of downstream pathway', 'parent_type': 'NEGATIVE MODULATOR'}",,29066804,"[{'comments': None, 'relation': '=', 'result_flag': 0, 'standard_relation': '=', 'standard_text_value': None, 'standard_type': 'TIME', 'standard_units': 'hr', 'standard_value': '1.0', 'text_value': None, 'type': 'TIME', 'units': 'min', 'value': '60.0'}]",CHEMBL6075288,Covalent inhibition of recombinant Mycobacterium tuberculosis DprE1 extracted from Escherichia coli BL21(DE3) using FPR/GGPR as substrate incubated for 60 mins by resazurin dye based fluorescence plate reader analysis,B,,,BAO_0000190,BAO_0000357,single protein format,C[C@H]1COC2(CCN(c3nc(=O)c4cc(C(F)(F)F)cc(NC(=O)C(C)(C)Br)c4s3)CC2)O1,,,CHEMBL6074635,Eur J Med Chem,2024,"{'bei': '7.43', 'le': '0.17', 'lle': '-0.43', 'sei': '5.06'}",,CHEMBL6134588,,CHEMBL6134588,4.09,0,http://www.openphacts.org/units/Nanomolar,4661490,=,1,1,=,,IC50,nM,,81350.0,CHEMBL3804751,Mycobacterium tuberculosis (strain ATCC 25618 / H37Rv),Decaprenylphosphoryl-beta-D-ribose oxidase,83332,,,IC50,uM,UO_0000065,,81.35
"{'action_type': 'INHIBITOR', 'description': 'Negatively effects (inhibits) the normal functioning of the protein e.g., prevention of enzymatic reaction or activation of downstream pathway', 'parent_type': 'NEGATIVE MODULATOR'}",,29066805,"[{'comments': None, 'relation': '=', 'result_flag': 0, 'standard_relation': '=', 'standard_text_value': None, 'standard_type': 'TIME', 'standard_units': 'hr', 'standard_value': '1.0', 'text_value': None, 'type': 'TIME', 'units': 'min', 'value': '60.0'}]",CHEMBL6075289,Covalent inhibition of recombinant Mycobacterium tuberculosis DprE1 extracted from Escherichia coli BL21(DE3) assessed as inactivation rate constant (Kinact) using FPR/GGPR as substrate incubated for 60 mins by resazurin dye based fluorescence plate reader analysis,B,,,BAO_0000179,BAO_0000357,single protein format,C=CC(=O)Nc1cc(C(F)(F)F)cc2c(=O)nc(N3CCC4(CC3)OC[C@H](C)O4)sc12,,,CHEMBL6074635,Eur J Med Chem,2024,,,CHEMBL6092053,,CHEMBL6092053,,0,,4661482,=,1,0,=,,Kinact,/min,,0.086,CHEMBL3804751,Mycobacterium tuberculosis (strain ATCC 25618 / H37Rv),Decaprenylphosphoryl-beta-D-ribose oxidase,83332,,,Kinact,/min,,,0.086
"{'action_type': 'INHIBITOR', 'description': 'Negatively effects (inhibits) the normal functioning of the protein e.g., prevention of enzymatic reaction or activation of downstream pathway', 'parent_type': 'NEGATIVE MODULATOR'}",,29066806,"[{'comments': None, 'relation': '=', 'result_flag': 0, 'standard_relation': '=', 'standard_text_value': None, 'standard_type': 'TIME', 'standard_units': 'hr', 'standard_value': '1.0', 'text_value': None, 'type': 'TIME', 'units': 'min', 'value': '60.0'}]",CHEMBL6075289,Covalent inhibition of recombinant Mycobacterium tuberculosis DprE1 extracted from Escherichia coli BL21(DE3) assessed as inactivation rate constant (Kinact) using FPR/GGPR as substrate incubated for 60 mins by resazurin dye based fluorescence plate reader analysis,B,,,BAO_0000179,BAO_0000357,single protein format,C=C(C)C(=O)Nc1cc(C(F)(F)F)cc2c(=O)nc(N3CCC4(CC3)OC[C@H](C)O4)sc12,,,CHEMBL6074635,Eur J Med Chem,2024,,,CHEMBL6142943,,CHEMBL6142943,,0,,4661484,=,1,0,=,,Kinact,/min,,0.075,CHEMBL3804751,Mycobacterium tuberculosis (strain ATCC 25618 / H37Rv),Decaprenylphosphoryl-beta-D-ribose oxidase,83332,,,Kinact,/min,,,0.075
"{'action_type': 'INHIBITOR', 'description': 'Negatively effects (inhibits) the normal functioning of the protein e.g., prevention of enzymatic reaction or activation of downstream pathway', 'parent_type': 'NEGATIVE MODULATOR'}",,29066807,"[{'comments': None, 'relation': '=', 'result_flag': 0, 'standard_relation': '=', 'standard_text_value': None, 'standard_type': 'TIME', 'standard_units': 'hr', 'standard_value': '1.0', 'text_value': None, 'type': 'TIME', 'units': 'min', 'value': '60.0'}]",CHEMBL6075289,Covalent inhibition of recombinant Mycobacterium tuberculosis DprE1 extracted from Escherichia coli BL21(DE3) assessed as inactivation rate constant (Kinact) using FPR/GGPR as substrate incubated for 60 mins by resazurin dye based fluorescence plate reader analysis,B,,,BAO_0000179,BAO_0000357,single protein format,C[C@H]1COC2(CCN(c3nc(=O)c4cc(C(F)(F)F)cc(NC(=O)C(C)(C)Br)c4s3)CC2)O1,,,CHEMBL6074635,Eur J Med Chem,2024,,,CHEMBL6134588,,CHEMBL6134588,,0,,4661490,=,1,0,=,,Kinact,/min,,0.067,CHEMBL3804751,Mycobacterium tuberculosis (strain ATCC 25618 / H37Rv),Decaprenylphosphoryl-beta-D-ribose oxidase,83332,,,Kinact,/min,,,0.067
"{'action_type': 'INHIBITOR', 'description': 'Negatively effects (inhibits) the normal functioning of the protein e.g., prevention of enzymatic reaction or activation of downstream pathway', 'parent_type': 'NEGATIVE MODULATOR'}",,29066808,"[{'comments': None, 'relation': '=', 'result_flag': 0, 'standard_relation': '=', 'standard_text_value': None, 'standard_type': 'TIME', 'standard_units': 'hr', 'standard_value': '1.0', 'text_value': None, 'type': 'TIME', 'units': 'min', 'value': '60.0'}]",CHEMBL6075290,Covalent inhibition of recombinant Mycobacterium tuberculosis DprE1 extracted from Escherichia coli BL21(DE3) assessed as inhibition constant using FPR/GGPR as substrate incubated for 60 mins by resazurin dye based fluorescence plate reader analysis,B,,,BAO_0000192,BAO_0000357,single protein format,C=CC(=O)Nc1cc(C(F)(F)F)cc2c(=O)nc(N3CCC4(CC3)OC[C@H](C)O4)sc12,,,CHEMBL6074635,Eur J Med Chem,2024,"{'bei': '9.68', 'le': '0.19', 'lle': '0.88', 'sei': '5.46'}",,CHEMBL6092053,,CHEMBL6092053,4.41,0,http://www.openphacts.org/units/Nanomolar,4661482,=,1,1,=,,Ki,nM,,38810.0,CHEMBL3804751,Mycobacterium tuberculosis (strain ATCC 25618 / H37Rv),Decaprenylphosphoryl-beta-D-ribose oxidase,83332,,,Ki,uM,UO_0000065,,38.81
"{'action_type': 'INHIBITOR', 'description': 'Negatively effects (inhibits) the normal functioning of the protein e.g., prevention of enzymatic reaction or activation of downstream pathway', 'parent_type': 'NEGATIVE MODULATOR'}",,29066809,"[{'comments': None, 'relation': '=', 'result_flag': 0, 'standard_relation': '=', 'standard_text_value': None, 'standard_type': 'TIME', 'standard_units': 'hr', 'standard_value': '1.0', 'text_value': None, 'type': 'TIME', 'units': 'min', 'value': '60.0'}]",CHEMBL6075290,Covalent inhibition of recombinant Mycobacterium tuberculosis DprE1 extracted from Escherichia coli BL21(DE3) assessed as inhibition constant using FPR/GGPR as substrate incubated for 60 mins by resazurin dye based fluorescence plate reader analysis,B,,,BAO_0000192,BAO_0000357,single protein format,C=C(C)C(=O)Nc1cc(C(F)(F)F)cc2c(=O)nc(N3CCC4(CC3)OC[C@H](C)O4)sc12,Outside typical range,"Values for this activity type are unusually large/small, so may not be accurate",CHEMBL6074635,Eur J Med Chem,2024,,,CHEMBL6142943,,CHEMBL6142943,,0,http://www.openphacts.org/units/Nanomolar,4661484,=,1,1,=,,Ki,nM,,213700.0,CHEMBL3804751,Mycobacterium tuberculosis (strain ATCC 25618 / H37Rv),Decaprenylphosphoryl-beta-D-ribose oxidase,83332,,,Ki,uM,UO_0000065,,213.7
"{'action_type': 'INHIBITOR', 'description': 'Negatively effects (inhibits) the normal functioning of the protein e.g., prevention of enzymatic reaction or activation of downstream pathway', 'parent_type': 'NEGATIVE MODULATOR'}",,29066810,"[{'comments': None, 'relation': '=', 'result_flag': 0, 'standard_relation': '=', 'standard_text_value': None, 'standard_type': 'TIME', 'standard_units': 'hr', 'standard_value': '1.0', 'text_value': None, 'type': 'TIME', 'units': 'min', 'value': '60.0'}]",CHEMBL6075290,Covalent inhibition of recombinant Mycobacterium tuberculosis DprE1 extracted from Escherichia coli BL21(DE3) assessed as inhibition constant using FPR/GGPR as substrate incubated for 60 mins by resazurin dye based fluorescence plate reader analysis,B,,,BAO_0000192,BAO_0000357,single protein format,C[C@H]1COC2(CCN(c3nc(=O)c4cc(C(F)(F)F)cc(NC(=O)C(C)(C)Br)c4s3)CC2)O1,Outside typical range,"Values for this activity type are unusually large/small, so may not be accurate",CHEMBL6074635,Eur J Med Chem,2024,,,CHEMBL6134588,,CHEMBL6134588,,0,http://www.openphacts.org/units/Nanomolar,4661490,=,1,1,=,,Ki,nM,,715300.0,CHEMBL3804751,Mycobacterium tuberculosis (strain ATCC 25618 / H37Rv),Decaprenylphosphoryl-beta-D-ribose oxidase,83332,,,Ki,uM,UO_0000065,,715.3
"{'action_type': 'INHIBITOR', 'description': 'Negatively effects (inhibits) the normal functioning of the protein e.g., prevention of enzymatic reaction or activation of downstream pathway', 'parent_type': 'NEGATIVE MODULATOR'}",,29066811,"[{'comments': None, 'relation': '=', 'result_flag': 0, 'standard_relation': '=', 'standard_text_value': None, 'standard_type': 'TIME', 'standard_units': 'hr', 'standard_value': '1.0', 'text_value': None, 'type': 'TIME', 'units': 'min', 'value': '60.0'}]",CHEMBL6075291,Covalent inhibition of recombinant Mycobacterium tuberculosis DprE1 extracted from Escherichia coli BL21(DE3) assessed as Kinact/Ki ratio using FPR/GGPR as substrate incubated for 60 mins by resazurin dye based fluorescence plate reader analysis,B,,,BAO_0000179,BAO_0000357,single protein format,C=CC(=O)Nc1cc(C(F)(F)F)cc2c(=O)nc(N3CCC4(CC3)OC[C@H](C)O4)sc12,,,CHEMBL6074635,Eur J Med Chem,2024,,,CHEMBL6092053,,CHEMBL6092053,,0,,4661482,=,1,0,=,,Ratio,/M/s,,35.44,CHEMBL3804751,Mycobacterium tuberculosis (strain ATCC 25618 / H37Rv),Decaprenylphosphoryl-beta-D-ribose oxidase,83332,,,Ratio,/M/s,,,35.44
"{'action_type': 'INHIBITOR', 'description': 'Negatively effects (inhibits) the normal functioning of the protein e.g., prevention of enzymatic reaction or activation of downstream pathway', 'parent_type': 'NEGATIVE MODULATOR'}",,29066812,"[{'comments': None, 'relation': '=', 'result_flag': 0, 'standard_relation': '=', 'standard_text_value': None, 'standard_type': 'TIME', 'standard_units': 'hr', 'standard_value': '1.0', 'text_value': None, 'type': 'TIME', 'units': 'min', 'value': '60.0'}]",CHEMBL6075291,Covalent inhibition of recombinant Mycobacterium tuberculosis DprE1 extracted from Escherichia coli BL21(DE3) assessed as Kinact/Ki ratio using FPR/GGPR as substrate incubated for 60 mins by resazurin dye based fluorescence plate reader analysis,B,,,BAO_0000179,BAO_0000357,single protein format,C=C(C)C(=O)Nc1cc(C(F)(F)F)cc2c(=O)nc(N3CCC4(CC3)OC[C@H](C)O4)sc12,,,CHEMBL6074635,Eur J Med Chem,2024,,,CHEMBL6142943,,CHEMBL6142943,,0,,4661484,=,1,0,=,,Ratio,/M/s,,4.8,CHEMBL3804751,Mycobacterium tuberculosis (strain ATCC 25618 / H37Rv),Decaprenylphosphoryl-beta-D-ribose oxidase,83332,,,Ratio,/M/s,,,4.8
"{'action_type': 'INHIBITOR', 'description': 'Negatively effects (inhibits) the normal functioning of the protein e.g., prevention of enzymatic reaction or activation of downstream pathway', 'parent_type': 'NEGATIVE MODULATOR'}",,29066813,"[{'comments': None, 'relation': '=', 'result_flag': 0, 'standard_relation': '=', 'standard_text_value': None, 'standard_type': 'TIME', 'standard_units': 'hr', 'standard_value': '1.0', 'text_value': None, 'type': 'TIME', 'units': 'min', 'value': '60.0'}]",CHEMBL6075291,Covalent inhibition of recombinant Mycobacterium tuberculosis DprE1 extracted from Escherichia coli BL21(DE3) assessed as Kinact/Ki ratio using FPR/GGPR as substrate incubated for 60 mins by resazurin dye based fluorescence plate reader analysis,B,,,BAO_0000179,BAO_0000357,single protein format,C[C@H]1COC2(CCN(c3nc(=O)c4cc(C(F)(F)F)cc(NC(=O)C(C)(C)Br)c4s3)CC2)O1,,,CHEMBL6074635,Eur J Med Chem,2024,,,CHEMBL6134588,,CHEMBL6134588,,0,,4661490,=,1,0,=,,Ratio,/M/s,,2.13,CHEMBL3804751,Mycobacterium tuberculosis (strain ATCC 25618 / H37Rv),Decaprenylphosphoryl-beta-D-ribose oxidase,83332,,,Ratio,/M/s,,,2.13
"{'action_type': 'INHIBITOR', 'description': 'Negatively effects (inhibits) the normal functioning of the protein e.g., prevention of enzymatic reaction or activation of downstream pathway', 'parent_type': 'NEGATIVE MODULATOR'}",,29066814,"[{'comments': None, 'relation': '=', 'result_flag': 0, 'standard_relation': '=', 'standard_text_value': None, 'standard_type': 'TIME', 'standard_units': 'hr', 'standard_value': '1.0', 'text_value': None, 'type': 'TIME', 'units': 'min', 'value': '60.0'}]",CHEMBL6075292,"Covalent inhibition of recombinant Mycobacterium tuberculosis DprE1 extracted from Escherichia coli BL21(DE3) assessed as fold change in inactivation rate constant (Kinact) using FPR/GGPR as substrate incubated for 60 mins by resazurin dye based fluorescence plate reader analysis relative to (S)-2-Bromo-2-methyl-N-(2-(2-methyl-1,4-dioxa-8-azaspiro[4.5]decan-8-yl)-4-oxo-6-(trifluoromethyl)-4H-benzo[e][1,3]thiazin-8-yl)propanamide",B,,,BAO_0000179,BAO_0000357,single protein format,C=C(C)C(=O)Nc1cc(C(F)(F)F)cc2c(=O)nc(N3CCC4(CC3)OC[C@H](C)O4)sc12,,,CHEMBL6074635,Eur J Med Chem,2024,,,CHEMBL6142943,,CHEMBL6142943,,0,,4661484,=,1,0,=,,FC,,,2.0,CHEMBL3804751,Mycobacterium tuberculosis (strain ATCC 25618 / H37Rv),Decaprenylphosphoryl-beta-D-ribose oxidase,83332,,,FC,,,,2.0
"{'action_type': 'INHIBITOR', 'description': 'Negatively effects (inhibits) the normal functioning of the protein e.g., prevention of enzymatic reaction or activation of downstream pathway', 'parent_type': 'NEGATIVE MODULATOR'}",,29066815,"[{'comments': None, 'relation': '=', 'result_flag': 0, 'standard_relation': '=', 'standard_text_value': None, 'standard_type': 'TIME', 'standard_units': 'hr', 'standard_value': '1.0', 'text_value': None, 'type': 'TIME', 'units': 'min', 'value': '60.0'}]",CHEMBL6075293,"Covalent inhibition of recombinant Mycobacterium tuberculosis DprE1 extracted from Escherichia coli BL21(DE3) assessed as fold change in inactivation rate constant (Kinact) using FPR/GGPR as substrate incubated for 60 mins by resazurin dye based fluorescence plate reader analysis relative to (S)-N-(2-(2-methyl-1,4-dioxa-8-azaspiro[4.5]decan-8-yl)-4-oxo-6-(trifluoromethyl)-4H-benzo[e][1,3]thiazin-8-yl)acrylamide",B,,,BAO_0000179,BAO_0000357,single protein format,C=C(C)C(=O)Nc1cc(C(F)(F)F)cc2c(=O)nc(N3CCC4(CC3)OC[C@H](C)O4)sc12,,,CHEMBL6074635,Eur J Med Chem,2024,,,CHEMBL6142943,,CHEMBL6142943,,0,,4661484,=,1,0,=,,FC,,,8.0,CHEMBL3804751,Mycobacterium tuberculosis (strain ATCC 25618 / H37Rv),Decaprenylphosphoryl-beta-D-ribose oxidase,83332,,,FC,,,,8.0
"{'action_type': 'BINDING AGENT', 'description': 'Binds to a substance such as a cell surface antigen, targeting a drug to that location, but not necessarily affecting the functioning of the substance itself', 'parent_type': 'OTHER'}",,29066816,"[{'comments': None, 'relation': '=', 'result_flag': 0, 'standard_relation': '=', 'standard_text_value': None, 'standard_type': 'TIME', 'standard_units': 'hr', 'standard_value': '1.0', 'text_value': None, 'type': 'TIME', 'units': 'min', 'value': '60.0'}]",CHEMBL6075294,Substrate activity at recombinant Mycobacterium tuberculosis DprE1 extracted from Escherichia coli BL21(DE3) assessed as Km incubated for 60 mins by resazurin dye based fluorescence plate reader analysis,B,,,BAO_0000477,BAO_0000357,single protein format,CC(C)=CCC/C(C)=C/CC/C(C)=C/CC/C(C)=C/COP(=O)(O)OC1O[C@H](CO)[C@@H](O)[C@H]1O,,,CHEMBL6074635,Eur J Med Chem,2024,,,CHEMBL6132731,,CHEMBL6132731,,0,http://www.openphacts.org/units/Nanomolar,4661495,=,1,1,=,,Km,nM,,33000.0,CHEMBL3804751,Mycobacterium tuberculosis (strain ATCC 25618 / H37Rv),Decaprenylphosphoryl-beta-D-ribose oxidase,83332,,,Km,uM,UO_0000065,,33.0
"{'action_type': 'BINDING AGENT', 'description': 'Binds to a substance such as a cell surface antigen, targeting a drug to that location, but not necessarily affecting the functioning of the substance itself', 'parent_type': 'OTHER'}",,29066817,"[{'comments': None, 'relation': '=', 'result_flag': 0, 'standard_relation': '=', 'standard_text_value': None, 'standard_type': 'TIME', 'standard_units': 'hr', 'standard_value': '1.0', 'text_value': None, 'type': 'TIME', 'units': 'min', 'value': '60.0'}]",CHEMBL6075294,Substrate activity at recombinant Mycobacterium tuberculosis DprE1 extracted from Escherichia coli BL21(DE3) assessed as Km incubated for 60 mins by resazurin dye based fluorescence plate reader analysis,B,,,BAO_0000477,BAO_0000357,single protein format,CC(C)=CCC/C(C)=C/CC/C(C)=C/COP(=O)(O)O[C@@H]1O[C@H](CO)[C@@H](O)[C@H]1O,,,CHEMBL6074635,Eur J Med Chem,2024,,,CHEMBL6078353,,CHEMBL6078353,,0,http://www.openphacts.org/units/Nanomolar,4661496,=,1,1,=,,Km,nM,,740000.0,CHEMBL3804751,Mycobacterium tuberculosis (strain ATCC 25618 / H37Rv),Decaprenylphosphoryl-beta-D-ribose oxidase,83332,,,Km,uM,UO_0000065,,740.0
"{'action_type': 'BINDING AGENT', 'description': 'Binds to a substance such as a cell surface antigen, targeting a drug to that location, but not necessarily affecting the functioning of the substance itself', 'parent_type': 'OTHER'}",,29066818,"[{'comments': None, 'relation': '=', 'result_flag': 0, 'standard_relation': '=', 'standard_text_value': None, 'standard_type': 'TIME', 'standard_units': 'hr', 'standard_value': '1.0', 'text_value': None, 'type': 'TIME', 'units': 'min', 'value': '60.0'}]",CHEMBL6075295,Substrate activity at recombinant Mycobacterium tuberculosis DprE1 extracted from Escherichia coli BL21(DE3) assessed as fold change in Km incubated for 60 mins by resazurin dye based fluorescence plate reader analysis relative to FPR,B,,,BAO_0000179,BAO_0000357,single protein format,CC(C)=CCC/C(C)=C/CC/C(C)=C/CC/C(C)=C/COP(=O)(O)OC1O[C@H](CO)[C@@H](O)[C@H]1O,,,CHEMBL6074635,Eur J Med Chem,2024,,,CHEMBL6132731,,CHEMBL6132731,,0,,4661495,=,1,0,=,,FC,,,22.0,CHEMBL3804751,Mycobacterium tuberculosis (strain ATCC 25618 / H37Rv),Decaprenylphosphoryl-beta-D-ribose oxidase,83332,,,FC,,,,22.0
"{'action_type': 'INHIBITOR', 'description': 'Negatively effects (inhibits) the normal functioning of the protein e.g., prevention of enzymatic reaction or activation of downstream pathway', 'parent_type': 'NEGATIVE MODULATOR'}",,29066819,"[{'comments': None, 'relation': '=', 'result_flag': 0, 'standard_relation': '=', 'standard_text_value': None, 'standard_type': 'TIME', 'standard_units': 'hr', 'standard_value': '1.0', 'text_value': None, 'type': 'TIME', 'units': 'min', 'value': '60.0'}]",CHEMBL6075296,"Reversible inhibition of recombinant Mycobacterium tuberculosis DprE1 extracted from Escherichia coli BL21(DE3) using FPR/GGPR as substrate by measuring fold change incubated for 60 mins by resazurin dye based fluorescence plate reader analysis relative to (S)-2-Fluoro-N-(2-(2-methyl-1,4-dioxa-8-azaspiro[4.5]decan-8-yl)-4-oxo-6-(trifluoromethyl)-4H-benzo[e][1,3]thiazin-8-yl)acrylamide",B,,,BAO_0000179,BAO_0000357,single protein format,C=CS(=O)(=O)Nc1cc(C(F)(F)F)cc2c(=O)nc(N3CCC4(CC3)OC[C@H](C)O4)sc12,,,CHEMBL6074635,Eur J Med Chem,2024,,,CHEMBL6083033,,CHEMBL6083033,,0,,4661486,=,1,0,=,,FC,,,8.0,CHEMBL3804751,Mycobacterium tuberculosis (strain ATCC 25618 / H37Rv),Decaprenylphosphoryl-beta-D-ribose oxidase,83332,,,FC,,,,8.0
